Code,Name,Product Group,Stock Unit,Part Number,DD Code,DMI Code,Schein Code,Henry Schein Sales Price (€),Variance (Henry Schein),Henry Schein URL,DMI IE Notes,DMI UK Notes,DentalSky Notes,Dontalia Notes,Henry Schein Notes,DMI IE Product,DMI UK Product,DentalSky Product,Dontalia Product,Henry Schein Product,DMI IE Pack Flag,DMI UK Pack Flag,DentalSky Pack Flag,Dontalia Pack Flag,Henry Schein Pack Flag,DMI IE Adjusted Variance,DMI UK Adjusted Variance,DentalSky Adjusted Variance,Dontalia Adjusted Variance,Henry Schein Adjusted Variance
BOU012,Boutique Whitening Top Up Case By Night 16% CP 2x3ml,Boutique Whitening,Pack (2),UBPB162,PGB010,,,N/A,,,Not listed on competitor,Not listed on competitor,Not listed on competitor,Not listed on competitor,Not listed on competitor,,,,,,,,,,,,,,,
ABG356,Meditrade Nitril Sensory Blue Nitrile Glove Small - Box200,"APRONS, BIBS & GLOVES",Box (200),2283S,,,,N/A,,,Not listed on competitor,Not listed on competitor,Not listed on competitor,Not listed on competitor,Not listed on competitor,,,,,,,,,,,,,,,
MIS040,Perfection Plus Sterilisation Pouches 85x253mm (PP002/5002),MISCELLANEOUS,Box (200),002/5002,,PERF-0025002,1099380,N/A,,,Not listed on competitor,Not listed on competitor,Not listed on competitor,Not listed on competitor,Not listed on competitor,,,,,,,,,,,,,,,
EMED018,"#Eire Septodont Septanest 1:100,000 2.2ml - Box50",MEDICINES,Box (50),11825O,,SEPT-11825O,09205,N/A,,,Not listed on competitor,Not listed on competitor,Not listed on competitor,Not listed on competitor,Not listed on competitor,,,,,,,,,,,,,,,
BOU009,Boutique Whitening Top Up Case By Night 16% CP 1x3ml,Boutique Whitening,Each,UBPB161,PGB009,BTQ-UBPB161,,N/A,,,Not listed on competitor,Not listed on competitor,Not listed on competitor,Not listed on competitor,Not listed on competitor,,,,,,,,,,,,,,,
ABG357,Meditrade Nitril Sensory Blue Nitrile Glove Medium - Box200,"APRONS, BIBS & GLOVES",Box (200),2283M,,,,N/A,,,Not listed on competitor,Not listed on competitor,Not listed on competitor,Not listed on competitor,Not listed on competitor,,,,,,,,,,,,,,,
CSP165,Bossklein Max V-Wipes Lemon Refill (BOS9784) - Pack200,"CLEANING, STERILIZING PRODUCTS",Pack (200),BOS9784,CAW543,,9002095,N/A,,,Not listed on competitor,Not listed on competitor,Not listed on competitor,Not listed on competitor,Not listed on competitor,,,,,,,,,,,,,,,
EMED003,#Eire Septodont Lignospan 2% Special 2.2ml - Box50,MEDICINES,Box (50),LIGNO02S,,SEPT-5017C,09051,N/A,,,Not listed on competitor,Not listed on competitor,Not listed on competitor,Not listed on competitor,Not listed on competitor,,,,,,,,,,,,,,,
CSP327,Bossklein V-WIPE ZERO Refill Alcohol Free Large (BOS2001),"CLEANING, STERILIZING PRODUCTS",Each,BOS2001,CAW550,,,N/A,,,Not listed on competitor,Not listed on competitor,Not listed on competitor,Not listed on competitor,Not listed on competitor,,,,,,,,,,,,,,,
EMED002,#Eire Septodont Xylonor Gel 15g - Each,MEDICINES,Each,XYLON03S / 6,,SEPT-11162A,09406,N/A,,,Not listed on competitor,Not listed on competitor,Not listed on competitor,Not listed on competitor,Not listed on competitor,,,,,,,,,,,,,,,
CAW757,Clinell Universal Disinfectant Wipes Refill 250mm x 200mm,"CLEANING, STERILIZING PRODUCTS",Pack (100),CWTUB100R,CAW757,,1135636,N/A,,,Not listed on competitor,Not listed on competitor,Not listed on competitor,Not listed on competitor,Not listed on competitor,,,,,,,,,,,,,,,
BOU007,Boutique Whitening Top Up Case By Day 6% HP 1x3ml,Boutique Whitening,Each,UBPB061,PGB005,BTQ-UBPB061,,N/A,,,Not listed on competitor,Not listed on competitor,Not listed on competitor,Not listed on competitor,Not listed on competitor,,,,,,,,,,,,,,,
BOU003,Boutique Whitening Kit By Night 16% CP 4x3ml,Boutique Whitening,Each,UBTK016,PGB002,BTQ-UBTK016,,N/A,,,Not listed on competitor,Not listed on competitor,Not listed on competitor,Not listed on competitor,Not listed on competitor,,,,,,,,,,,,,,,
MED006,#Septodont Xylonor Gel 15g - Each,MEDICINES,Each,XYLON01,ACD435,SEPT-11162A,09406,N/A,,,Not listed on competitor,Not listed on competitor,Not listed on competitor,Not listed on competitor,Not listed on competitor,,,,,,,,,,,,,,,
BOU010,Boutique Whitening Top Up Case By Day 6% HP 2x3ml,Boutique Whitening,Pack (2),UBPB062,PGB006,BTQ-UBPB062,,N/A,,,Not listed on competitor,Not listed on competitor,Not listed on competitor,Not listed on competitor,Not listed on competitor,,,,,,,,,,,,,,,
PHI147,Philips Zoom! NiteWhite ACP Take Home Mini Kit 16% (CP) NEW,PHI - Philips Soniccare & Zoom!,Each,881058511330,,,,N/A,,,Not listed on competitor,Not listed on competitor,Not listed on competitor,Not listed on competitor,Not listed on competitor,,,,,,,,,,,,,,,
CGD178,Meditrade Gentle Skin Compact+ Latex Gloves P/Free Medium,"APRONS, BIBS & GLOVES",Box (100),1221MI,CGD178,,,N/A,,,Not listed on competitor,Not listed on competitor,Not listed on competitor,Not listed on competitor,Not listed on competitor,,,,,,,,,,,,,,,
PHI150,Philips Zoom! NiteWhite ACP Take Home Standard 16% (CP) NEW,PHI - Philips Soniccare & Zoom!,Each,881073935010,,,,N/A,,,Not listed on competitor,Not listed on competitor,Not listed on competitor,Not listed on competitor,Not listed on competitor,,,,,,,,,,,,,,,
AA131,4T Medical FMS 32G Fine Micro Syringe 0.3ml - Box100,ANAESTHETIC ACCESSORIES,Box (100),4TM001,600039,,,N/A,,,Not listed on competitor,Not listed on competitor,Not listed on competitor,Not listed on competitor,Not listed on competitor,,,,,,,,,,,,,,,
CPP096,Perfection Plus Protect+ Blue Ear Loop Masks (002/0048) - 50,"COTTON, PAPER PRODUCTS",Box (50),002/0048,,PERF-0020048,,N/A,,,Not listed on competitor,Not listed on competitor,Not listed on competitor,Not listed on competitor,Not listed on competitor,,,,,,,,,,,,,,,
BOU021,Boutique Whitening Top Up Case By Night 16% CP 3x3ml,Boutique Whitening,Pack (3),UBPB163,PGB019,,,N/A,,,Not listed on competitor,Not listed on competitor,Not listed on competitor,Not listed on competitor,Not listed on competitor,,,,,,,,,,,,,,,
CHM078,Meditrade Suavel Protec Type IIR Face Masks 3ply Ear Loop,"COTTON, PAPER PRODUCTS",Box (50),80-902,CHM078,,,N/A,,,Not listed on competitor,Not listed on competitor,Not listed on competitor,Not listed on competitor,Not listed on competitor,,,,,,,,,,,,,,,
ESB020,Edenta Steel Burs Round 23/018 Size 6 (1.204.018) - Pack 5,ENDODONTICS & ACCESSORIES,Pack (5),1.204.018,BLRE18,EDEN-1.204.018,,N/A,,,,,Not listed on competitor,Not listed on competitor,Not listed on competitor,Edenta Steel Round Bur R/A Pack 5 Size 6/018,Edenta Steel Round Bur R/A Pack 5 Size 6/018,,,,MATCH,MATCH,,,,,,,,
BOU008,Boutique Whitening Top Up Case By Night 10% CP 1x3ml,Boutique Whitening,Each,UBPB101,PGB007,BTQ-UBPB101,,N/A,,,Not listed on competitor,Not listed on competitor,Not listed on competitor,Not listed on competitor,Not listed on competitor,,,,,,,,,,,,,,,
CGD167,Meditrade Gentle Skin Compact+ Latex Gloves P/Free Small,"APRONS, BIBS & GLOVES",Box (100),1221SI,CGD167,,,N/A,,,Not listed on competitor,Not listed on competitor,Not listed on competitor,Not listed on competitor,Not listed on competitor,,,,,,,,,,,,,,,
ABG358,Meditrade Nitril Sensory Blue Nitrile Glove Large - Box200,"APRONS, BIBS & GLOVES",Box (200),2283L,,,,N/A,,,Not listed on competitor,Not listed on competitor,Not listed on competitor,Not listed on competitor,Not listed on competitor,,,,,,,,,,,,,,,
FAC290,"Perfection Plus Rubber Dam Non Latex Blue Medium 6""x6"" - 20", FILLING MATERIALS ANTERIOR,Box (20),004/0046,,PERF-0040046,,N/A,,,,,Not listed on competitor,Not listed on competitor,Not listed on competitor,Perfection Plus Non Latex Heavy Rubber Dam (Blue) -  Pack  20,Perfection Plus Non Latex Heavy Rubber Dam (Blue) -  Pack  20,,,,MATCH,MATCH,,,,,,,,
CGD156,Meditrade Gentle Skin Compact+ Latex Gloves P/Free X-Small,"APRONS, BIBS & GLOVES",Box (100),1221XSI,CGD156,,,N/A,,,Not listed on competitor,Not listed on competitor,Not listed on competitor,Not listed on competitor,Not listed on competitor,,,,,,,,,,,,,,,
PHI148,Philips Zoom! DayWhite ACP Take Home Standard 6% (HP) NEW,PHI - Philips Soniccare & Zoom!,Each,881073035010,,,,N/A,,,Not listed on competitor,Not listed on competitor,Not listed on competitor,Not listed on competitor,Not listed on competitor,,,,,,,,,,,,,,,
MIS038,Perfection Plus Sterilisation Pouches 57x127mm (PP002/5000),MISCELLANEOUS,Box (200),002/5000/ 10,,PERF-0025000,1099381,N/A,,,Not listed on competitor,Not listed on competitor,Not listed on competitor,Not listed on competitor,Not listed on competitor,,,,,,,,,,,,,,,
PHI145,Philips Zoom! DayWhite ACP Take Home Mini Kit 6% (HP) NEW,PHI - Philips Soniccare & Zoom!,Each,881013011330,,,,N/A,,,Not listed on competitor,Not listed on competitor,Not listed on competitor,Not listed on competitor,Not listed on competitor,,,,,,,,,,,,,,,
MIS039,Perfection Plus Sterilisation Pouches 85x165mm (PP002/5001),MISCELLANEOUS,Box (200),002/5001 / 10,,PERF-0025001,,N/A,,,Not listed on competitor,Not listed on competitor,Not listed on competitor,Not listed on competitor,Not listed on competitor,,,,,,,,,,,,,,,
ABG012A,HPC Healthline Gloves Powder Free Small GN31 - Box100,"APRONS, BIBS & GLOVES",Box (100),GN31D / 10,,,,N/A,,,Not listed on competitor,Not listed on competitor,Not listed on competitor,Not listed on competitor,Not listed on competitor,,,,,,,,,,,,,,,
MIS041,Perfection Plus Sterilisation Pouches 135x278mm PP002/5003,MISCELLANEOUS,Box (200),002/5003,,PERF-0025003,,N/A,,,Not listed on competitor,Not listed on competitor,Not listed on competitor,Not listed on competitor,Not listed on competitor,,,,,,,,,,,,,,,
CCA200,Cottontails Soft Cotton Buds (1115) - Pack200,"COTTON, PAPER PRODUCTS",Pack (200),1115,CCA200,,,N/A,,,Not listed on competitor,Not listed on competitor,Not listed on competitor,Not listed on competitor,Not listed on competitor,,,,,,,,,,,,,,,
CSP244,Zhermack Zeta 7 Trigger Spray 750ml (C810050) - Each,"CLEANING, STERILIZING PRODUCTS",Each,C810050,IDZ031,,1135290,N/A,,,Not listed on competitor,Not listed on competitor,Not listed on competitor,Not listed on competitor,Not listed on competitor,,,,,,,,,,,,,,,
BOU001,Boutique Whitening Kit By Day 6% HP 4x3ml,Boutique Whitening,Each,UBTK006,PGB000,BTQ-UBTK006,,N/A,,,Not listed on competitor,Not listed on competitor,Not listed on competitor,Not listed on competitor,Not listed on competitor,,,,,,,,,,,,,,,
PHI153,Philips Zoom! Bulk Take Home Box NiteWhite 16%(CP)-Box25 NEW,PHI - Philips Soniccare & Zoom!,Box (25),881012525330,,,,N/A,,,Not listed on competitor,Not listed on competitor,Not listed on competitor,Not listed on competitor,Not listed on competitor,,,,,,,,,,,,,,,
CSP219,Clinell Universal Sanitising Wipe (CW200) - Pack200,"CLEANING, STERILIZING PRODUCTS",Pack (200),CW200,CAW760,,1117256,N/A,,,Not listed on competitor,Not listed on competitor,Not listed on competitor,Not listed on competitor,Not listed on competitor,,,,,,,,,,,,,,,
PHI149,Philips Zoom! NiteWhite ACP Take Home Standard 10% (CP) NEW,PHI - Philips Soniccare & Zoom!,Each,881073435010,,,,N/A,,,Not listed on competitor,Not listed on competitor,Not listed on competitor,Not listed on competitor,Not listed on competitor,,,,,,,,,,,,,,,
OH294,TePe EasyPick XS/S (242310) - Pack36,ORAL HYGIENE,Pack (36),242310,PAT441,TEPE-242310,1175570,N/A,,,Not listed on competitor,Not listed on competitor,Not listed on competitor,Not listed on competitor,Not listed on competitor,,,,,,,,,,,,,,,
PCO036,Oral-B Superfloss - Each,ORAL HYGIENE,Pack (50),,PCO036,ORAL-13265232,1196599,N/A,,,Not listed on competitor,Not listed on competitor,Not listed on competitor,Not listed on competitor,Not listed on competitor,,,,,,,,,,,,,,,
OH308,TePe Select Toothbrush Soft (322120) - Each,ORAL HYGIENE,Each,322120,PAT063,TEPE-322120,1070736,N/A,,,,,Not listed on competitor,Not listed on competitor,Not listed on competitor,Tepe Select Toothbrush - Singles Extra Soft,Tepe Select Toothbrush - Singles Extra Soft,,,,UNKNOWN,UNKNOWN,,,,,,,,
ESB022,Edenta Steel Burs Round 23/023 Size 8 (1.204.023) - Pack 5,ENDODONTICS & ACCESSORIES,Pack (5),1.204.023,BLRE23,EDEN-1.204.023,,N/A,,,,,Not listed on competitor,Not listed on competitor,Not listed on competitor,Edenta Steel Round Bur R/A Pack 5 Size 8/023,Edenta Steel Round Bur R/A Pack 5 Size 8/023,,,,MATCH,MATCH,,,,,,,,
CAW384,Schulke Mikrozid Jumbo Wipes Refill (70002981) - Pack220,"CLEANING, STERILIZING PRODUCTS",Pack (220),70002981,CAW384,SCHU-70002981,1207519,N/A,,,,,Not listed on competitor,Not listed on competitor,Not listed on competitor,Mikrozid Jumbo Wipes Alcohol Free X 200 Refill,Mikrozid Jumbo Wipes Alcohol Free X 200 Refill,,,,UNKNOWN,UNKNOWN,,,,,,,,
EMED004,#Eire Septodont Scandonest 3% Plain 2.2ml - Box50,MEDICINES,Box (50),SCAND04S,,SEPT-5016B,09201,N/A,,,Not listed on competitor,Not listed on competitor,Not listed on competitor,Not listed on competitor,Not listed on competitor,,,,,,,,,,,,,,,
OH164,Essix Retainer Brite Cleansing Tabs - Box36 (YOM255),Orthodontics and Accessories,Box (36),RB-36,YOM255,DENT-RB2-36,1098735,N/A,,,Not listed on competitor,Not listed on competitor,Not listed on competitor,Not listed on competitor,Not listed on competitor,,,,,,,,,,,,,,,
PHI146,Philips Zoom! NiteWhite ACP Take Home Mini Kit 10% (CP) NEW,PHI - Philips Soniccare & Zoom!,Each,881058011330,,,,N/A,,,Not listed on competitor,Not listed on competitor,Not listed on competitor,Not listed on competitor,Not listed on competitor,,,,,,,,,,,,,,,
ABG164A,HPC HandSafe Blue Nitrile Gloves P/Free Medium GN90 - Box200,"APRONS, BIBS & GLOVES",Box (200),GN90MEDIUM / 10,,,,N/A,,,Not listed on competitor,Not listed on competitor,Not listed on competitor,Not listed on competitor,Not listed on competitor,,,,,,,,,,,,,,,
EIM012,Perfection Plus Tray Lining Paper White (002/0012) - Pack250,INSTRUMENTS & ACCESSORIES,Pack (250),002/0012,,PERF-0020012,,N/A,,,,,Not listed on competitor,Not listed on competitor,Not listed on competitor,Perfection Plus Tray Paper - 250 Pack  White,Perfection Plus Tray Paper - 250 Pack  White,,,,MATCH,MATCH,,,,,,,,
COP495,Medibase Saliva Ejectors with Removable Tips Blue - Box100,MISCELLANEOUS,Box (100),3127252,COP495,,,N/A,,,Not listed on competitor,Not listed on competitor,Not listed on competitor,Not listed on competitor,Not listed on competitor,,,,,,,,,,,,,,,
SE011,Perfection Plus Saliva Ejectors Clear (PP011/4250) - Pack100,SALIVA EJECTORS,Pack (100),011/4250 / 50,,PERF-0114250,1156832,N/A,,,Not listed on competitor,Not listed on competitor,Not listed on competitor,Not listed on competitor,Not listed on competitor,,,,,,,,,,,,,,,
ESB018,Edenta Steel Burs Round 23/014 Size 4 (1.204.014) - Pack 5,ENDODONTICS & ACCESSORIES,Pack (5),1.204.014,BLRE14,EDEN-1.204.014,,N/A,,,,,Not listed on competitor,Not listed on competitor,Not listed on competitor,Edenta Steel Round Bur R/A Pack 5 Size 4/014,Edenta Steel Round Bur R/A Pack 5 Size 4/014,,,,MATCH,MATCH,,,,,,,,
AA132,4T Medical FMS 32G Fine Micro Syringe 0.5ml - Box100,ANAESTHETIC ACCESSORIES,Box (100),,,,,N/A,,,Not listed on competitor,Not listed on competitor,Not listed on competitor,Not listed on competitor,Not listed on competitor,,,,,,,,,,,,,,,
IAP005,Perfection Plus ImpressPLUS Alginate 450g Bag,IMPRESSION MATERIALS,Each,010/1295,IAP005,PERF-0101295,,N/A,,,,,Not listed on competitor,Not listed on competitor,Not listed on competitor,Perfection Plus ImpressPLUS  Alginate Fast Set Mint Flavour 450G,Perfection Plus ImpressPLUS  Alginate Fast Set Mint Flavour 450G,,,,UNKNOWN,UNKNOWN,,,,,,,,
PCG108,Oral-B Glide Floss Picks - Pack30,ORAL HYGIENE,Pack (30),0405,PCG108,ORAL-OB140SP,1136019,N/A,,,Not listed on competitor,Not listed on competitor,Not listed on competitor,Not listed on competitor,Not listed on competitor,,,,,,,,,,,,,,,
OH271A,TePe EasyPick M/L (242350) - Pack36,ORAL HYGIENE,Pack (36),242350,PAT440,TEPE-242350,1161539,N/A,,,Not listed on competitor,Not listed on competitor,Not listed on competitor,Not listed on competitor,Not listed on competitor,,,,,,,,,,,,,,,
FPM085,Perfection Plus Tofflemire Bands No.1 Thin (085/0055)," FINISHING, POLISHING MATERIALS",Pack (12),085/0055,,PERF-0850055,,N/A,,,Not listed on competitor,Not listed on competitor,Not listed on competitor,Not listed on competitor,Not listed on competitor,,,,,,,,,,,,,,,
BOU019,Boutique Whitening Top Up Case By Day 6% HP 3x3ml,Boutique Whitening,Pack (3),UBPB063,PGB013,,,N/A,,,Not listed on competitor,Not listed on competitor,Not listed on competitor,Not listed on competitor,Not listed on competitor,,,,,,,,,,,,,,,
ESB019,Edenta Steel Burs Round 23/016 Size 5 (1.204.016) -Pack 5,ENDODONTICS & ACCESSORIES,Pack (5),1.204.016,BLRE16,EDEN-1.204.016,,N/A,,,,,Not listed on competitor,Not listed on competitor,Not listed on competitor,Edenta Steel Round Bur R/A Pack 5 Size 5/016,Edenta Steel Round Bur R/A Pack 5 Size 5/016,,,,MATCH,MATCH,,,,,,,,
PBC065,Curaprox Perio Plus+ Support Toothpaste 0.09% 75ml - Each,ORAL HYGIENE,Each,CPP709,PBC065,CURA-CPP709,,N/A,,,Not listed on competitor,Not listed on competitor,Not listed on competitor,Not listed on competitor,Not listed on competitor,,,,,,,,,,,,,,,
SE076,Perfection Plus Protect+ Disposable 3 in 1 Tips White,SALIVA EJECTORS,Pack (250),002/5800,,PERF-0025800,,N/A,,,Not listed on competitor,Not listed on competitor,Not listed on competitor,Not listed on competitor,Not listed on competitor,,,,,,,,,,,,,,,
ABG355,Meditrade Nitril Sensory Blue Nitrile Glove X-Small - Box200,"APRONS, BIBS & GLOVES",Box (200),2283XS,,,,N/A,,,Not listed on competitor,Not listed on competitor,Not listed on competitor,Not listed on competitor,Not listed on competitor,,,,,,,,,,,,,,,
PHI019,Philips Zoom! EVA Tray Material - Pack12,PHI - Philips Soniccare & Zoom!,Pack (12),881020401020,,,,N/A,,,Not listed on competitor,Not listed on competitor,Not listed on competitor,Not listed on competitor,Not listed on competitor,,,,,,,,,,,,,,,
PHI151,Philips Zoom! Bulk Take Home Box DayWhite 6% (HP) -Box25 NEW,PHI - Philips Soniccare & Zoom!,Box (25),881012125330,,,,N/A,,,Not listed on competitor,Not listed on competitor,Not listed on competitor,Not listed on competitor,Not listed on competitor,,,,,,,,,,,,,,,
FAC294,Bossklein Etchant Gel Jumbo Etching Kit 50ml (BOS9904) -Each, FILLING MATERIALS ANTERIOR,Each,BOS9904,FBG311,,,N/A,,,Not listed on competitor,Not listed on competitor,Not listed on competitor,Not listed on competitor,Not listed on competitor,,,,,,,,,,,,,,,
ABG353,Meditrade Gentle Skin Compact+ Latex Gloves P/Free Large,"APRONS, BIBS & GLOVES",Box (100),1221LI,CGD189,,,N/A,,,Not listed on competitor,Not listed on competitor,Not listed on competitor,Not listed on competitor,Not listed on competitor,,,,,,,,,,,,,,,
MED008,#Septodont Lignospan 2% Special 2.2ml - Box50,MEDICINES,Box (50),LIGNO02A,AAD430,SEPT-5017C,09051,N/A,,,Not listed on competitor,Not listed on competitor,Not listed on competitor,Not listed on competitor,Not listed on competitor,,,,,,,,,,,,,,,
PDP101,Curaprox Perio Plus+ Regenerate Mouthwash 0.09% 200ml - Each,ORAL HYGIENE,Each,CPP209,PDP101,CURA-CPP209,1205856,N/A,,,Not listed on competitor,Not listed on competitor,Not listed on competitor,Not listed on competitor,Not listed on competitor,,,,,,,,,,,,,,,
FPM118,Perfection Plus Prophy Paste Mint Coarse 250g (PP010/0046)," FINISHING, POLISHING MATERIALS",Each,010/0046,,PERF-0100046,,N/A,,,,,Not listed on competitor,Not listed on competitor,Not listed on competitor,Perfection Plus ProphyPLUS Paste Cups Coarse Cherry - Pack of 200,Perfection Plus ProphyPLUS Paste Cups Coarse Cherry - Pack of 200,,,,UNKNOWN,UNKNOWN,,,,,,,,
SE015,Orsing Hygovac Aspirator Tubes - Pack100,SALIVA EJECTORS,Pack (100),V2800,CJT610,,507525,N/A,,,Not listed on competitor,Not listed on competitor,Not listed on competitor,Not listed on competitor,Not listed on competitor,,,,,,,,,,,,,,,
PPI134,Perfection Plus Eco+ Hand K Files 25mm 10 (004/5010) - Pack6,INSTRUMENTS & ACCESSORIES,Pack (6),004/5010,,PERF-0045010,,N/A,,,Not listed on competitor,Not listed on competitor,Not listed on competitor,Not listed on competitor,Not listed on competitor,,,,,,,,,,,,,,,
PAT074,TePe Select Toothbrush Soft Blister (322688) - Each,ORAL HYGIENE,Each,322688,PAT074,,,N/A,,,Not listed on competitor,Not listed on competitor,Not listed on competitor,Not listed on competitor,Not listed on competitor,,,,,,,,,,,,,,,
EQS150C,BF Mulholland Detergent - UltraClean 11/111 - 5Ltr (1080),EQS - Equipment Sundries,Each,1080BFMUL,GUW001,,,N/A,,,Not listed on competitor,Not listed on competitor,Not listed on competitor,Not listed on competitor,Not listed on competitor,,,,,,,,,,,,,,,
CPP099,Perfection Plus Cotton Wool Rolls No.2 (002/0014) - Pack1000,"COTTON, PAPER PRODUCTS",Pack (1000),002/0014,,PERF-0020014,,N/A,,,Not listed on competitor,Not listed on competitor,Not listed on competitor,Not listed on competitor,Not listed on competitor,,,,,,,,,,,,,,,
AA105,BD Venflon Peripheral IV Catheter w/ Port Blue 22Gx25mm-Each,ANAESTHETIC ACCESSORIES,Each,BV391451,SNV022,BD-391451,1104768,N/A,,,Not listed on competitor,Not listed on competitor,Not listed on competitor,Not listed on competitor,Not listed on competitor,,,,,,,,,,,,,,,
ABG290,Perfection Plus Serviette Bibs Blue (PP002/0060) - Pack500,"APRONS, BIBS & GLOVES",Pack (500),PP002/0060,,PERF-0020060,,N/A,,,,,Not listed on competitor,Not listed on competitor,Not listed on competitor,Perfection Plus Serviette Bibs 2 Ply Dark Blue x 500,Perfection Plus Serviette Bibs 2 Ply Dark Blue x 500,,,,UNKNOWN,UNKNOWN,,,,,,,,
CAW751,Kerr CaviWipes Canister (4731160) - Tub160,"CLEANING, STERILIZING PRODUCTS",Tub (160),4731160,CAW751,KERR-4731160,1132439,N/A,,,Not listed on competitor,Not listed on competitor,Not listed on competitor,Not listed on competitor,Not listed on competitor,,,,,,,,,,,,,,,
CSP191,Bossklein ULTRAbio Ultrasonic Cleaner 5 Litre (BOS9794) Each,"CLEANING, STERILIZING PRODUCTS",Each,BOS9794,,,,N/A,,,Not listed on competitor,Not listed on competitor,Not listed on competitor,Not listed on competitor,Not listed on competitor,,,,,,,,,,,,,,,
MED010,"#Septodont Septanest 1:100,000 2.2ml - Box50",MEDICINES,Box (50),SEPTA01,AAD440,SEPT-11825O,09205,N/A,,,Not listed on competitor,Not listed on competitor,Not listed on competitor,Not listed on competitor,Not listed on competitor,,,,,,,,,,,,,,,
EIM038,Perfection Plus Tray Lining Paper Blue (PP002/0012B),INSTRUMENTS & ACCESSORIES,Pack (250),PP002/0012B,,PERF-0020012B,,N/A,,,Not listed on competitor,Not listed on competitor,Not listed on competitor,Not listed on competitor,Not listed on competitor,,,,,,,,,,,,,,,
EVS107,Polifarma Saline Water Pouch for Irrigation 500ml,GENERAL SURGICAL INSTRUMENTS,Each,PF-12000,EVS107,,1214222,N/A,,,Not listed on competitor,Not listed on competitor,Not listed on competitor,Not listed on competitor,Not listed on competitor,,,,,,,,,,,,,,,
ABG163A,HPC HandSafe Blue Nitrile Gloves P/Free Small GN90 - Box200,"APRONS, BIBS & GLOVES",Box (200),GN90SMALL / 10,,,,N/A,,,Not listed on competitor,Not listed on competitor,Not listed on competitor,Not listed on competitor,Not listed on competitor,,,,,,,,,,,,,,,
EHO018,Bossklein Universal Handpiece Oil Spray 500ml (BOS9777) Each,EQS - Equipment Sundries,Each,BOS9777,,,9001570,N/A,,,Not listed on competitor,Not listed on competitor,Not listed on competitor,Not listed on competitor,Not listed on competitor,,,,,,,,,,,,,,,
ABG165A,HPC HandSafe Blue Nitrile Gloves P/Free Large GN90 - Box200,"APRONS, BIBS & GLOVES",Box (200),GN90LARGE /10,,,,N/A,,,Not listed on competitor,Not listed on competitor,Not listed on competitor,Not listed on competitor,Not listed on competitor,,,,,,,,,,,,,,,
BOU020,Boutique Whitening Top Up Case By Night 10% CP 3x3ml,Boutique Whitening,Pack (3),UBPB103,PGB016,,,N/A,,,Not listed on competitor,Not listed on competitor,Not listed on competitor,Not listed on competitor,Not listed on competitor,,,,,,,,,,,,,,,
ESB021,Edenta Steel Burs Round 23/021 Size 7 (1.204.021) - Pack 5,ENDODONTICS & ACCESSORIES,Pack (5),1.204.021,,EDEN-1.204.021,,N/A,,,,,Not listed on competitor,Not listed on competitor,Not listed on competitor,Edenta Steel Round Bur R/A Pack 5 Size 7/021,Edenta Steel Round Bur R/A Pack 5 Size 7/021,,,,MATCH,MATCH,,,,,,,,
FLS646,SDI Aura Bulk Fill Complets 20x0.25g (8565012) - Pack20, FILLING MATERIALS ANTERIOR,Pack (20),8565012,FLS646,SDI-8565012,1153813,N/A,,,Not listed on competitor,Not listed on competitor,Not listed on competitor,Not listed on competitor,Not listed on competitor,,,,,,,,,,,,,,,
KIN005,Kin Gingival Mouthwash 250ml (340960) - Each,ORAL HYGIENE,Each,340960,,,,N/A,,,Not listed on competitor,Not listed on competitor,Not listed on competitor,Not listed on competitor,Not listed on competitor,,,,,,,,,,,,,,,
CPP053,Johnson & Johnson Topper 8 Swabs 10X10cm (M50410) - Pack100,"COTTON, PAPER PRODUCTS",Pack (100),M50410,CCS407,TOP-M50410,,N/A,,,Not listed on competitor,Not listed on competitor,Not listed on competitor,Not listed on competitor,Not listed on competitor,,,,,,,,,,,,,,,
OH320,Stoddard OPTIM Interdental Brush Red XXFine - Pack8,ORAL HYGIENE,Pack (8),ID119/004,PAS767,,1133996 / 10,N/A,,,Not listed on competitor,Not listed on competitor,Not listed on competitor,Not listed on competitor,Not listed on competitor,,,,,,,,,,,,,,,
ENG040,Perfection Plus Protect+ Barrier Envelopes Size 2 - Pack300,ENGINEERING,Pack (300),002/0184,,PERF-0020184,,N/A,,,,,Not listed on competitor,Not listed on competitor,Not listed on competitor,Perfection Plus Protect + Barrier Envelopes Size 0  Pack  100,Perfection Plus Protect + Barrier Envelopes Size 0  Pack  100,,,,MISMATCH (ours:300 theirs:100),MISMATCH (ours:300 theirs:100),,,,N/A,N/A,,,
EVS140,Omnia Saline 0.9% Solution 500ml (32.E0001.00),GENERAL SURGICAL INSTRUMENTS,Each,32.E0001.00,EVS140,,,N/A,,,Not listed on competitor,Not listed on competitor,Not listed on competitor,Not listed on competitor,Not listed on competitor,,,,,,,,,,,,,,,
USB008,UnoDent Steel Burs Round RA No.7 - ISO.021 (BLR7) - Pack 6,ENDODONTICS & ACCESSORIES,Pack (6),BLR7,BLR7,,,N/A,,,Not listed on competitor,Not listed on competitor,Not listed on competitor,Not listed on competitor,Not listed on competitor,,,,,,,,,,,,,,,
BOU030,Boutique By Night Gift Bag,Boutique Whitening,Each,GBAGB,,BTQ-GBAGBLACK,,N/A,,,Not listed on competitor,Not listed on competitor,Not listed on competitor,Not listed on competitor,Not listed on competitor,,,,,,,,,,,,,,,
MIS234,Perfection Plus Latex Free Polishing Cups RA Pink Soft - 50,MISCELLANEOUS,Pack (50),005/5501,,PERF-0055501,,N/A,,,Not listed on competitor,Not listed on competitor,Not listed on competitor,Not listed on competitor,Not listed on competitor,,,,,,,,,,,,,,,
SCB014,Koolpak Instant Ice Pack 24x12cm - Each,MISCELLANEOUS,Each,30DIIP20,SCB014,,1039590,N/A,,,Not listed on competitor,Not listed on competitor,Not listed on competitor,Not listed on competitor,Not listed on competitor,,,,,,,,,,,,,,,
FAC198,Perfection Plus Needle Etch Tips (PP011/0080) - Pack25, FILLING MATERIALS ANTERIOR,Pack (25),PP011/0080,FBG320,PERF-0110080,,N/A,,,Not listed on competitor,Not listed on competitor,Not listed on competitor,Not listed on competitor,Not listed on competitor,,,,,,,,,,,,,,,
MED041,#Colgate Duraphat 5000 ppm Fluoride Toothpaste - Each,MEDICINES,Each,CG260822,PBC320,COLG-850248A,1079519,N/A,,,Not listed on competitor,Not listed on competitor,Not listed on competitor,Not listed on competitor,Not listed on competitor,,,,,,,,,,,,,,,
FAC401,"Perfection Plus Rubber Dam Non Latex Blue Heavy 6""x6"" - 20", FILLING MATERIALS ANTERIOR,Box (20),004/0047,,PERF-0040047,1156245,N/A,,,,,Not listed on competitor,Not listed on competitor,Not listed on competitor,Perfection Plus Non Latex Medium Rubber Dam (Blue) -  Pack  20,Perfection Plus Non Latex Medium Rubber Dam (Blue) -  Pack  20,,,,MATCH,MATCH,,,,,,,,
BOU011,Boutique Whitening Top Up Case By Night 10% CP 2x3ml,Boutique Whitening,Pack (2),UBPB102,PGB008,,,N/A,,,Not listed on competitor,Not listed on competitor,Not listed on competitor,Not listed on competitor,Not listed on competitor,,,,,,,,,,,,,,,
AA011,Septodont Septoject XL Needles 30g Short 0.3x25mm - Box100,ANAESTHETIC ACCESSORIES,Box (100),XLJECT03,ANS220,SEPT-11655A,103815,N/A,,,Not listed on competitor,Not listed on competitor,Not listed on competitor,Not listed on competitor,Not listed on competitor,,,,,,,,,,,,,,,
ABG313,Cumberland Surgical Universal Sterile Drape Kit - Each,"APRONS, BIBS & GLOVES",Each,DC0001-U,,,146051,N/A,,,Not listed on competitor,Not listed on competitor,Not listed on competitor,Not listed on competitor,Not listed on competitor,,,,,,,,,,,,,,,
ANP030,Perfection Plus EasiJect Sterile Needles 30Gx21mm (013/0208),ANAESTHETIC ACCESSORIES,Box (100),013/0208,ANP030,PERF-0130208,,N/A,,,Not listed on competitor,Not listed on competitor,Not listed on competitor,Not listed on competitor,Not listed on competitor,,,,,,,,,,,,,,,
PAT064,TePe Select Toothbrushes Extra Soft - Each,ORAL HYGIENE,Each,322110,PAT064,TEPE-322110,1070737,N/A,,,Not listed on competitor,Not listed on competitor,Not listed on competitor,Not listed on competitor,Not listed on competitor,,,,,,,,,,,,,,,
SE050,Orsing Aspirator Tube Vented/Non-Vented - Pack100,SALIVA EJECTORS,Pack (100),AV 100,CJT370,ORSI-AV100,397706,N/A,,,Not listed on competitor,Not listed on competitor,Not listed on competitor,Not listed on competitor,Not listed on competitor,,,,,,,,,,,,,,,
AAA345,"#Dentsply Anestadent 4% 1:100,000 Solution 2.2ml (546) -Bx50",MEDICINES,Box (50),546,AAA345,,1196060,N/A,,,Not listed on competitor,Not listed on competitor,Not listed on competitor,Not listed on competitor,Not listed on competitor,,,,,,,,,,,,,,,
FAC302,Perfection Plus AppliPlus Superfine Microbrush (011/1110), FILLING MATERIALS ANTERIOR,Pack (400),011/1110,,PERF-0111110,,N/A,,,Not listed on competitor,Not listed on competitor,Not listed on competitor,Not listed on competitor,Not listed on competitor,,,,,,,,,,,,,,,
IM119,Zhermack Hydrogum 5 Refill 453g Extra Fast  (C302070) - Each,IMPRESSION MATERIALS,Each,C302070,IAZ077,ZHER-C302070,1077781,N/A,,,Not listed on competitor,Not listed on competitor,Not listed on competitor,Not listed on competitor,Not listed on competitor,,,,,,,,,,,,,,,
AA034,Septodont Septoject Needles 30g Short - Box100,ANAESTHETIC ACCESSORIES,Box (100),SEPTO03,ANS110,SEPT-12426P,1001142,N/A,,,Not listed on competitor,Not listed on competitor,Not listed on competitor,Not listed on competitor,Not listed on competitor,,,,,,,,,,,,,,,
OH318,Stoddard OPTIM Interdental Brush Pink XXXXFine - Pack8,ORAL HYGIENE,Pack (8),ID121/004,PAS765,,1133994 / 10,N/A,,,Not listed on competitor,Not listed on competitor,Not listed on competitor,Not listed on competitor,Not listed on competitor,,,,,,,,,,,,,,,
670231,Clinisept+ Skin 490ml - Each,Facial Aesthetics,Each,CP-SKIN-490,670231,CLIN-CP-SKIN-490,,N/A,,,,,Not listed on competitor,Not listed on competitor,Not listed on competitor,Clinisept+ Skin 490ml,Clinisept+ Skin 490ml,,,,UNKNOWN,UNKNOWN,,,,,,,,
ABG246,UnoDent Surgical Gown Kit (COP410) - Each,"APRONS, BIBS & GLOVES",Each,COP410,COP410,,,N/A,,,Not listed on competitor,Not listed on competitor,Not listed on competitor,Not listed on competitor,Not listed on competitor,,,,,,,,,,,,,,,
EQS196,TST Control Indicators Strips (2340AB) - Box100,ENGINEERING,Each,2340AB,,,,N/A,,,Not listed on competitor,Not listed on competitor,Not listed on competitor,Not listed on competitor,Not listed on competitor,,,,,,,,,,,,,,,
MIS225,Perfection Plus Junior Nylon Brushes RA (005/0004) - Pack100,MISCELLANEOUS,Pack (100),005/0004,,PERF-0050004,,N/A,,,Not listed on competitor,Not listed on competitor,Not listed on competitor,Not listed on competitor,Not listed on competitor,,,,,,,,,,,,,,,
OH317,Stoddard OPTIM Interdental Brush White Super Fine - 8,ORAL HYGIENE,Pack (8),ID001/004,PAS764,,1179500,N/A,,,Not listed on competitor,Not listed on competitor,Not listed on competitor,Not listed on competitor,Not listed on competitor,,,,,,,,,,,,,,,
CSP043,Durr Orotol Plus 2.5Litre - Each (CDS110P6150),"CLEANING, STERILIZING PRODUCTS",Each,CDS110P6150,GMK016,DURR-CDS110P6150,143513,N/A,,,Not listed on competitor,Not listed on competitor,Not listed on competitor,Not listed on competitor,Not listed on competitor,,,,,,,,,,,,,,,
EIM027,Perfection Plus Mini Monotrays 18x14cm (PP011/4011) - Pack50,INSTRUMENTS & ACCESSORIES,Pack (50),PP011/4011,,PERF-0114011,1097446,N/A,,,Not listed on competitor,Not listed on competitor,Not listed on competitor,Not listed on competitor,Not listed on competitor,,,,,,,,,,,,,,,
CSP005,Milton Sterilising Fluid 500ml - Each,"CLEANING, STERILIZING PRODUCTS",Each,13361370037510,GIP006,,143313,N/A,,,Not listed on competitor,Not listed on competitor,Not listed on competitor,Not listed on competitor,Not listed on competitor,,,,,,,,,,,,,,,
ESB017,Edenta Steel Burs Round 23/012 Size 3 (1.204.012) - Pack 5,ENDODONTICS & ACCESSORIES,Pack (5),1.204.012,BLRE12,EDEN-1.204.012,,N/A,,,,,Not listed on competitor,Not listed on competitor,Not listed on competitor,Edenta Steel Round Bur R/A Pack 5 Size 3/012,Edenta Steel Round Bur R/A Pack 5 Size 3/012,,,,MATCH,MATCH,,,,,,,,
FAC375,Perfection Plus AppliPlus Regular Microbrush (011/1112), FILLING MATERIALS ANTERIOR,Pack (400),PP011/1112,,PERF-0111112,,N/A,,,Not listed on competitor,Not listed on competitor,Not listed on competitor,Not listed on competitor,Not listed on competitor,,,,,,,,,,,,,,,
PCO040,Oral-B Essential Floss 50m (4103330317131) - Each,ORAL HYGIENE,Each,4103330317131,PCO040,,,N/A,,,Not listed on competitor,Not listed on competitor,Not listed on competitor,Not listed on competitor,Not listed on competitor,,,,,,,,,,,,,,,
OH042,TePe Interdental Brushes Red 0.5mm 10x8pk (138230) - Box10,ORAL HYGIENE,Box (10),138230 x 10,PAT366,,,N/A,,,Not listed on competitor,Not listed on competitor,Not listed on competitor,Not listed on competitor,Not listed on competitor,,,,,,,,,,,,,,,
BJM277,UnoDent Gold Diamond Burs Flat End Taper FG Coarse 173/016,ENDODONTICS & ACCESSORIES,Each,BJM277,BJM277,,,N/A,,,Not listed on competitor,Not listed on competitor,Not listed on competitor,Not listed on competitor,Not listed on competitor,,,,,,,,,,,,,,,
MIS226,Perfection Plus Junior Nylon Brushes RA (005/0006) - Pack144,MISCELLANEOUS,Pack (144),005/0006,,PERF-0050006,,N/A,,,Not listed on competitor,Not listed on competitor,Not listed on competitor,Not listed on competitor,Not listed on competitor,,,,,,,,,,,,,,,
MPP010,PD Tofflemire Matrix Bands No. 1 (41521) - Pack 12," FINISHING, POLISHING MATERIALS",Pack (12),41521,MPP010,,213312,N/A,,,,,Not listed on competitor,Not listed on competitor,Not listed on competitor,Perfection Plus Tofflemire Bands Thin 0.05mm Adult Size 2 Pack 12,Perfection Plus Tofflemire Bands Thin 0.05mm Adult Size 2 Pack 12,,,,MATCH,MATCH,,,,,,,,
OH172,TePe Compact Tuft Brush (432100) - Each,ORAL HYGIENE,Each,432100,PAT088,TEPE-432100,1070731,N/A,,,Not listed on competitor,Not listed on competitor,Not listed on competitor,Not listed on competitor,Not listed on competitor,,,,,,,,,,,,,,,
ABG013A,HPC Healthline Gloves Powder Free Medium GN31 - Box100,"APRONS, BIBS & GLOVES",Box (100),GN31D / 10,,,,N/A,,,Not listed on competitor,Not listed on competitor,Not listed on competitor,Not listed on competitor,Not listed on competitor,,,,,,,,,,,,,,,
BJD547,Coltene Diatech Gold Diamond Burs G881-314-010-8-ML - Pack5,ENDODONTICS & ACCESSORIES,Pack (5),60032596,BJD547,COLT-60032596,1211846,N/A,,,Not listed on competitor,Not listed on competitor,Not listed on competitor,Not listed on competitor,Not listed on competitor,,,,,,,,,,,,,,,
CDB020A,Coltene Diatech Gold Diamond Burs G835-314-012-4-ML - Pack5,ENDODONTICS & ACCESSORIES,Pack (5),60032008,BJD152,COLT-60032008,1211389,N/A,,,Not listed on competitor,Not listed on competitor,Not listed on competitor,Not listed on competitor,Not listed on competitor,,,,,,,,,,,,,,,
DWG005,Dentsply WaveOne Gold Primary File 25mm (A0753225G0P03),ENDODONTICS & ACCESSORIES,Pack (3),A0753225G0P03,EKN091,DENT-A0753225G0P03,1154136,N/A,,,Not listed on competitor,Not listed on competitor,Not listed on competitor,Not listed on competitor,Not listed on competitor,,,,,,,,,,,,,,,
PHI139,Philips Sonicare 5300 White Toothbrush (HX7108/01),PHI - Philips Soniccare & Zoom!,Each,HX7108/01,,,,N/A,,,Not listed on competitor,Not listed on competitor,Not listed on competitor,Not listed on competitor,Not listed on competitor,,,,,,,,,,,,,,,
ABG033A,HPC HandSafe White Nitrile Gloves Medium (GN92) - Box200,"APRONS, BIBS & GLOVES",Box (200),GN92,,,,N/A,,,Not listed on competitor,Not listed on competitor,Not listed on competitor,Not listed on competitor,Not listed on competitor,,,,,,,,,,,,,,,
BJD558,Coltene Diatech Gold Diamond Burs G882-314-012-10-ML - Pack5,ENDODONTICS & ACCESSORIES,Pack (5),60032626,BJD558,COLT-60032626,1211856,N/A,,,Not listed on competitor,Not listed on competitor,Not listed on competitor,Not listed on competitor,Not listed on competitor,,,,,,,,,,,,,,,
CJU002,UnoDent Disposable Aspirator Tube Green 135x11mm - Pack100,SALIVA EJECTORS,Pack (100),CJU002,CJU002,,,N/A,,,Not listed on competitor,Not listed on competitor,Not listed on competitor,Not listed on competitor,Not listed on competitor,,,,,,,,,,,,,,,
CPP024,Johnson & Johnson Topper 12 Swabs 5cmx5cm (M53605N) -Pack200,"COTTON, PAPER PRODUCTS",Pack (200),M53605N,CCS410,,504521,N/A,,,Not listed on competitor,Not listed on competitor,Not listed on competitor,Not listed on competitor,Not listed on competitor,,,,,,,,,,,,,,,
CSP144,Unilever Vaseline Petroleum Jelly 100ml - Each,"CLEANING, STERILIZING PRODUCTS",Each,,,,,N/A,,,Not listed on competitor,Not listed on competitor,Not listed on competitor,Not listed on competitor,Not listed on competitor,,,,,,,,,,,,,,,
OH043,TePe Interdental Brushes Yellow 0.7mm 10x8pk (118250) Box10,ORAL HYGIENE,Box (10),118250 x 10,PAT370,,621611,N/A,,,Not listed on competitor,Not listed on competitor,Not listed on competitor,Not listed on competitor,Not listed on competitor,,,,,,,,,,,,,,,
ABG008A,Perfection Plus Bib Roll Paper Blue PP002/0020 - 80,"APRONS, BIBS & GLOVES",Roll (80),PP002/0020,,PERF-0020020,,N/A,,,,,Not listed on competitor,Not listed on competitor,Not listed on competitor,Perfection Plus Bib Roll Paper/Plastic - 80 Pack  White,Perfection Plus Bib Roll Paper/Plastic - 80 Pack  White,,,,MATCH,MATCH,,,,,,,,
BLRG24,Perfection Plus Steel Bur Round RA No.4 (001/9104)-Pack25,ENDODONTICS & ACCESSORIES,Pack (25),001/9104,BLRG24,PERF-0019104,,N/A,,,Not listed on competitor,Not listed on competitor,Not listed on competitor,Not listed on competitor,Not listed on competitor,,,,,,,,,,,,,,,
SE016,Orsing Hygovac Vent Aspirator Tubes - Pack100,SALIVA EJECTORS,Pack (100),V2800V,CJT615,,507530,N/A,,,Not listed on competitor,Not listed on competitor,Not listed on competitor,Not listed on competitor,Not listed on competitor,,,,,,,,,,,,,,,
OH012,Perfection Plus Mouthwash Tablets Mint (PP010/0044),ORAL HYGIENE,Tub (1000),010/0044,,PERF-0100044,,N/A,,,Not listed on competitor,Not listed on competitor,Not listed on competitor,Not listed on competitor,Not listed on competitor,,,,,,,,,,,,,,,
OH341,Stoddard OPTIM Interdental Brush Red XXFine - Pack25,ORAL HYGIENE,Pack (25),ID119/007,PAS732,,1201610,N/A,,,Not listed on competitor,Not listed on competitor,Not listed on competitor,Not listed on competitor,Not listed on competitor,,,,,,,,,,,,,,,
SE055,Bossklein Spectrum Tips (SPE0001) - Pack250,SALIVA EJECTORS,Pack (250),SPE0001,,,,N/A,,,Not listed on competitor,Not listed on competitor,Not listed on competitor,Not listed on competitor,Not listed on competitor,,,,,,,,,,,,,,,
ABG031B,HPC HandSafe White Nitrile Gloves Small (GN92) - Box200,"APRONS, BIBS & GLOVES",Box (200),GN92,,,,N/A,,,Not listed on competitor,Not listed on competitor,Not listed on competitor,Not listed on competitor,Not listed on competitor,,,,,,,,,,,,,,,
IMT083,Pegasus Impression Trays No.3 Medium Upper - Pack25,IMPRESSION MATERIALS,Pack (25),116127,,PEGA-116127,1079478,N/A,,,Not listed on competitor,Not listed on competitor,Not listed on competitor,Not listed on competitor,Not listed on competitor,,,,,,,,,,,,,,,
CPP098,Perfection Plus Cotton Wool Rolls No.1 (002/0013) - Pack1000,"COTTON, PAPER PRODUCTS",Pack (1000),002/0013,,PERF-0020013,,N/A,,,,,Not listed on competitor,Not listed on competitor,Not listed on competitor,Perfection Plus Eco+ Cotton Wool Rolls Size 1 Pack 1000,Perfection Plus Eco+ Cotton Wool Rolls Size 1 Pack 1000,,,,MATCH,MATCH,,,,,,,,
CSP162,Bossklein Hard Surface Economy Refill Lemon 5L BOS9779,"CLEANING, STERILIZING PRODUCTS",Each,BOS9779,,,9002090,N/A,,,Not listed on competitor,Not listed on competitor,Not listed on competitor,Not listed on competitor,Not listed on competitor,,,,,,,,,,,,,,,
IMA136,Perfection Plus Mixing Pad Coated 7.5 x 7.5cm 100 Sheets,IMPRESSION MATERIALS,Each,002/0038,,PERF-0020038,,N/A,,,Not listed on competitor,Not listed on competitor,Not listed on competitor,Not listed on competitor,Not listed on competitor,,,,,,,,,,,,,,,
IMT084,Pegasus Impression Trays No.4 Medium Lower - Pack25,IMPRESSION MATERIALS,Pack (25),116128,,PEGA-116128,1079479,N/A,,,Not listed on competitor,Not listed on competitor,Not listed on competitor,Not listed on competitor,Not listed on competitor,,,,,,,,,,,,,,,
MIS123,Perfection Plus Junior Bristle Brushes Latch Grip - Pack100,MISCELLANEOUS,Pack (100),005/0007,,PERF-0050007,,N/A,,,Not listed on competitor,Not listed on competitor,Not listed on competitor,Not listed on competitor,Not listed on competitor,,,,,,,,,,,,,,,
FAC303,Perfection Plus AppliPlus Fine Microbrush (011/1111), FILLING MATERIALS ANTERIOR,Pack (400),011/1111,,PERF-0111111,,N/A,,,Not listed on competitor,Not listed on competitor,Not listed on competitor,Not listed on competitor,Not listed on competitor,,,,,,,,,,,,,,,
PDP100,Curaprox Perio Plus+ Balance Mouthwash 0.05% 200ml - Each,ORAL HYGIENE,Each,CPP205,PDP100,CURA-CPP205,,N/A,,,Not listed on competitor,Not listed on competitor,Not listed on competitor,Not listed on competitor,Not listed on competitor,,,,,,,,,,,,,,,
PHI152,Philips Zoom! Bulk Take Home Box NiteWhite 10%(CP)-Box25 NEW,PHI - Philips Soniccare & Zoom!,Each,881012325330,,,,N/A,,,Not listed on competitor,Not listed on competitor,Not listed on competitor,Not listed on competitor,Not listed on competitor,,,,,,,,,,,,,,,
CDB052,Coltene Diatech Gold Diamond Burs G379-314-023-5-F - Pack5,ENDODONTICS & ACCESSORIES,Each,60031805,BJD609,COLT-60031805,1211320,N/A,,,Not listed on competitor,Not listed on competitor,Not listed on competitor,Not listed on competitor,Not listed on competitor,,,,,,,,,,,,,,,
CJU011,UnoDent Disposable Aspirator Tube Vented Blue - Pack100,SALIVA EJECTORS,Pack (100),CJU011,CJU011,,,N/A,,,Not listed on competitor,Not listed on competitor,Not listed on competitor,Not listed on competitor,Not listed on competitor,,,,,,,,,,,,,,,
FMA1061,SDI Riva Self Cure Capsules Fast Set A2 (8605002) - Box50, FILLING MATERIALS ANTERIOR,Box (50),8605002,FGS061,SDI-8605002,,N/A,,,Not listed on competitor,Not listed on competitor,Not listed on competitor,Not listed on competitor,Not listed on competitor,,,,,,,,,,,,,,,
FPM011,"3M Sof-Lex Discs 1/2"" Coarse (1982C) - Pack85"," FINISHING, POLISHING MATERIALS",Pack (85),1982 C,KTD045,3M-1982C,21982C,N/A,,,,,Not listed on competitor,Not listed on competitor,Not listed on competitor,3M Sof-Lex Pop-On Discs 1/2&quot;/12.7mm Pack 85 Coarse Black,3M Sof-Lex Pop-On Discs 1/2&quot;/12.7mm Pack 85 Coarse Black,,,,MATCH,MATCH,,,,,,,,
CDB056,Coltene Diatech Gold Diamond Burs G801-314-023-F - Pack5,ENDODONTICS & ACCESSORIES,Each,60031886,BJD068,COLT-60031886,1113902,N/A,,,Not listed on competitor,Not listed on competitor,Not listed on competitor,Not listed on competitor,Not listed on competitor,,,,,,,,,,,,,,,
CDB137,Coltene Diatech Gold Diamond Burs G881-314-014-8-MLX - Pack5,ENDODONTICS & ACCESSORIES,Pack (5),60032604,BJD551,COLT-60032604,1211849,N/A,,,Not listed on competitor,Not listed on competitor,Not listed on competitor,Not listed on competitor,Not listed on competitor,,,,,,,,,,,,,,,
CJT062,UnoDent Disposable Aspirator Tips - Child 16mm Yellow,SALIVA EJECTORS,Pack (50),CJT062,CJT062,,,N/A,,,Not listed on competitor,Not listed on competitor,Not listed on competitor,Not listed on competitor,Not listed on competitor,,,,,,,,,,,,,,,
IMT009,J&S Davis Solo Impression Trays No.13 Upper Average - Box25,IMPRESSION MATERIALS,Box (25),SOL1013,IIS113,DAVI-SOL1013,054813,N/A,,,Not listed on competitor,Not listed on competitor,Not listed on competitor,Not listed on competitor,Not listed on competitor,,,,,,,,,,,,,,,
CPP092,Robinson Healthcare Alcotip Pre-injection Swabs - Box100,"COTTON, PAPER PRODUCTS",Box (100),5885,CCS600,,,N/A,,,Not listed on competitor,Not listed on competitor,Not listed on competitor,Not listed on competitor,Not listed on competitor,,,,,,,,,,,,,,,
CSP339,Bossklein V-WIPE ZERO ECO-XL Wipes  Flowpack 100 (BOS8001),"CLEANING, STERILIZING PRODUCTS",Each,BOS8001,CAW552,,,N/A,,,Not listed on competitor,Not listed on competitor,Not listed on competitor,Not listed on competitor,Not listed on competitor,,,,,,,,,,,,,,,
PPI138,Perfection Plus Eco+ Hand K Files 25mm 08 (004/5009A) -Pack6,INSTRUMENTS & ACCESSORIES,Pack (6),004/5009A,,PERF-0045009A,,N/A,,,,,Not listed on competitor,Not listed on competitor,Not listed on competitor,Perfection Plus Eco+ K Files 25mm Size 08 Pack 6,Perfection Plus Eco+ K Files 25mm Size 08 Pack 6,,,,MATCH,MATCH,,,,,,,,
BLRG26,Perfection Plus Steel Bur Round RA No.6 (001/9106)-Pack25,ENDODONTICS & ACCESSORIES,Pack (25),001/9106,BLRG26,PERF-0019106,,N/A,,,Not listed on competitor,Not listed on competitor,Not listed on competitor,Not listed on competitor,Not listed on competitor,,,,,,,,,,,,,,,
BOU002,Boutique Whitening Kit By Night 10% CP 4x3ml,Boutique Whitening,Each,UBTK010,PGB001,BTQ-UBTK010,,N/A,,,Not listed on competitor,Not listed on competitor,Not listed on competitor,Not listed on competitor,Not listed on competitor,,,,,,,,,,,,,,,
CSP331,Bossklein V-WIPE ZERO Refill Alcohol Free (BOS3001),"CLEANING, STERILIZING PRODUCTS",Each,BOS3001,,,,N/A,,,,,Not listed on competitor,Not listed on competitor,Not listed on competitor,Bossklein V-Wipe Zero Jumbo Alcohol Free Surface Disinfectant Wipe Tub of 200,Bossklein V-Wipe Zero Jumbo Alcohol Free Surface Disinfectant Wipe Tub of 200,,,,UNKNOWN,UNKNOWN,,,,,,,,
FMA1084,Kulzer Charisma ABC PLT A2 20x0.2g (66064791) - Pack20, FILLING MATERIALS ANTERIOR,Pack (20),66064791,FLP818,HERA-66064791,1162003,N/A,,,Not listed on competitor,Not listed on competitor,Not listed on competitor,Not listed on competitor,Not listed on competitor,,,,,,,,,,,,,,,
FMA1085,Kulzer Charisma ABC PLT A3 20x0.2g (66064792) - Pack20, FILLING MATERIALS ANTERIOR,Pack (20),66064792,FLP820,HERA-66064792,1162004,N/A,,,Not listed on competitor,Not listed on competitor,Not listed on competitor,Not listed on competitor,Not listed on competitor,,,,,,,,,,,,,,,
AA021,J&S Davis Solo Dental Needle 30g Short 0.3x23mm - Box100,ANAESTHETIC ACCESSORIES,Box (100),SOL1056,ANS030,DAVI-SOL1056,103913,N/A,,,Not listed on competitor,Not listed on competitor,Not listed on competitor,Not listed on competitor,Not listed on competitor,,,,,,,,,,,,,,,
AA120,BD Micro-Fine + Insulin Syringe 0.3ml Needle 30Gx8mm -Box100,ANAESTHETIC ACCESSORIES,Box (100),324826,SYT100,,1132237,N/A,,,Not listed on competitor,Not listed on competitor,Not listed on competitor,Not listed on competitor,Not listed on competitor,,,,,,,,,,,,,,,
EIM040,Perfection Plus Tray Lining Paper Lilac (PP002/0012L),INSTRUMENTS & ACCESSORIES,Pack (250),PP002/0012L,,PERF-0020012L,,N/A,,,Not listed on competitor,Not listed on competitor,Not listed on competitor,Not listed on competitor,Not listed on competitor,,,,,,,,,,,,,,,
OH192,TePe Interspace Medium Brush (1 Handle + 12 Heads) - Each,ORAL HYGIENE,Each,412366,PAT095,,1124168,N/A,,,Not listed on competitor,Not listed on competitor,Not listed on competitor,Not listed on competitor,Not listed on competitor,,,,,,,,,,,,,,,
PAD145,Curaprox CPS Prime Chairside Handy Turquoise - Pack25,ORAL HYGIENE,Pack (25),CH 25 HANDY 06,PAD145,CURA-CHAIRCPS06,,N/A,,,Not listed on competitor,Not listed on competitor,Not listed on competitor,Not listed on competitor,Not listed on competitor,,,,,,,,,,,,,,,
PPI159,Perfection Plus Eco+ Hand K Files 25mm 15 (004/5011) - Pack6,INSTRUMENTS & ACCESSORIES,Pack (6),004/5011,,PERF-0045011,,N/A,,,Not listed on competitor,Not listed on competitor,Not listed on competitor,Not listed on competitor,Not listed on competitor,,,,,,,,,,,,,,,
MED023,#Colgate Duraphat Varnish 10ml (FDE74600) - Each,MEDICINES,Each,CG74600,PFV010,,4535,N/A,,,Not listed on competitor,Not listed on competitor,Not listed on competitor,Not listed on competitor,Not listed on competitor,,,,,,,,,,,,,,,
ABG020,Pegasus Velcro Dental Bib Blue - Each,"APRONS, BIBS & GLOVES",Each,10023PEG,,PEGA-10023,,N/A,,,Not listed on competitor,Not listed on competitor,Not listed on competitor,Not listed on competitor,Not listed on competitor,,,,,,,,,,,,,,,
CPP043,Johnson & Johnson Topper 12 Swabs 7.5x7.5cm M50607 -Pack100,"COTTON, PAPER PRODUCTS",Pack (100),M50607,CCS415,TOP-M50607,504522,N/A,,,Not listed on competitor,Not listed on competitor,Not listed on competitor,Not listed on competitor,Not listed on competitor,,,,,,,,,,,,,,,
FAC023,Septodont Hemocollagene Sponges - Pack24, FILLING MATERIALS ANTERIOR,Pack (24),HEMOC01,NJD010,SEPT-0117O,122016,N/A,,,,,Not listed on competitor,Not listed on competitor,Not listed on competitor,Septodont Hemocollagene Sponges Box 24,Septodont Hemocollagene Sponges Box 24,,,,MATCH,MATCH,,,,,,,,
PRC315,Perfection Plus Prophy+ Polishing Cups RA (005/0009) Pack144," FINISHING, POLISHING MATERIALS",Pack (144),005/0009,,PERF-0050009,,N/A,,,Not listed on competitor,Not listed on competitor,Not listed on competitor,Not listed on competitor,Not listed on competitor,,,,,,,,,,,,,,,
CAW708,Medipal Disinfectant Wipes (Q7W520110MPCE) Tub 240,"CLEANING, STERILIZING PRODUCTS",Tub (240),Q7W520110MPCE,CAW708,,,N/A,,,Not listed on competitor,Not listed on competitor,Not listed on competitor,Not listed on competitor,Not listed on competitor,,,,,,,,,,,,,,,
MIS223,Perfection Plus Sterilisation Pouches 190x330mm PP002/5004,MISCELLANEOUS,Box (200),002/5004,,PERF-0025004,1118398,N/A,,,Not listed on competitor,Not listed on competitor,Not listed on competitor,Not listed on competitor,Not listed on competitor,,,,,,,,,,,,,,,
ASD264,Septodont Ultra Safety Plus Twist Needles 30g Short - Box100,ANAESTHETIC ACCESSORIES,Box (100),TWIST03,ASD264,SEPT-11532H,1201530,N/A,,,,,Not listed on competitor,Not listed on competitor,Not listed on competitor,Septodont Ultra Safety Plus Twist Needles 30g Ultra Short 10mm Purple x 100,Septodont Ultra Safety Plus Twist Needles 30g Ultra Short 10mm Purple x 100,,,,UNKNOWN,UNKNOWN,,,,,,,,
BJM180,UnoDent Gold Diamond Burs Cylinder FG Medium 111/012,ENDODONTICS & ACCESSORIES,Each,BJM180,BJM180,,,N/A,,,Not listed on competitor,Not listed on competitor,Not listed on competitor,Not listed on competitor,Not listed on competitor,,,,,,,,,,,,,,,
CSP189,Bossklein Impression Cleaner & Disinfectant Tub 700g BOS9823,"CLEANING, STERILIZING PRODUCTS",Each,BOS9823,,,,N/A,,,Not listed on competitor,Not listed on competitor,Not listed on competitor,Not listed on competitor,Not listed on competitor,,,,,,,,,,,,,,,
FPM007,"3M Sof-Lex Discs 3/8"" Coarse (1981C) - Pack85"," FINISHING, POLISHING MATERIALS",Pack (85),1981 C,KTD033,3M-1981C,21981C,N/A,,,,,Not listed on competitor,Not listed on competitor,Not listed on competitor,3M Sof-Lex Pop-On Discs 1/2&quot;/12.7mm Pack 85 Coarse Black,3M Sof-Lex Pop-On Discs 1/2&quot;/12.7mm Pack 85 Coarse Black,,,,MATCH,MATCH,,,,,,,,
OH273A,Metrodent Denture Boxes Asstd Colours - Pack12,ORAL HYGIENE,Pack (12),,,,,N/A,,,Not listed on competitor,Not listed on competitor,Not listed on competitor,Not listed on competitor,Not listed on competitor,,,,,,,,,,,,,,,
SE073,Microbrush Dry Tips Large (291542) - Box50,SALIVA EJECTORS,Box (50),291542,CCD202,MICR-291542,500575,N/A,,,Not listed on competitor,Not listed on competitor,Not listed on competitor,Not listed on competitor,Not listed on competitor,,,,,,,,,,,,,,,
FMP213,3M Filtek One Bulk Fill Capsules A2 (4867A2) - Pack20, FILLING MATERIALS ANTERIOR,Pack (20),4867A2,FLM651,3M-4867A2,1181856,N/A,,,Not listed on competitor,Not listed on competitor,Not listed on competitor,Not listed on competitor,Not listed on competitor,,,,,,,,,,,,,,,
IIU153,Perfection Plus Plastic Handled Impression Tray Upper Medium,IMPRESSION MATERIALS,Pack (25),011/3032,IIU153,PERF-0113032,,N/A,,,Not listed on competitor,Not listed on competitor,Not listed on competitor,Not listed on competitor,Not listed on competitor,,,,,,,,,,,,,,,
MED009,#Septodont Scandonest 3% Plain 2.2ml - Box50,MEDICINES,Box (50),SCAND04,AAD420,SEPT-5016B,09201,N/A,,,Not listed on competitor,Not listed on competitor,Not listed on competitor,Not listed on competitor,Not listed on competitor,,,,,,,,,,,,,,,
MIS190,UnoDent Soft Lip and Cheek Retractor (DRO105) - Each,MISCELLANEOUS,Each,DRO105,DRO105,,,N/A,,,Not listed on competitor,Not listed on competitor,Not listed on competitor,Not listed on competitor,Not listed on competitor,,,,,,,,,,,,,,,
PAT047,TePe Orthodontic Kit (962686) - Each,Orthodontics and Accessories,Each,962686,PAT047,TEPE-962686O,1203542,N/A,,,Not listed on competitor,Not listed on competitor,Not listed on competitor,Not listed on competitor,Not listed on competitor,,,,,,,,,,,,,,,
BJM054,UnoDent Gold Diamond Burs Round FG Medium 001/016,ENDODONTICS & ACCESSORIES,Each,BJM054,BJM054,,,N/A,,,Not listed on competitor,Not listed on competitor,Not listed on competitor,Not listed on competitor,Not listed on competitor,,,,,,,,,,,,,,,
CPP049,Johnson & Johnson Topper 8 Swabs 5x5cm Sterile (TS8055) - 25,"COTTON, PAPER PRODUCTS",Pack (25),1093944,CCS395,TOP-TS8055,1093944,N/A,,,Not listed on competitor,Not listed on competitor,Not listed on competitor,Not listed on competitor,Not listed on competitor,,,,,,,,,,,,,,,
CSP167,Bossklein Daily Aspirator Cleaner & Disinfectant 5L BOS2488,"CLEANING, STERILIZING PRODUCTS",Each,BOS2488,,,9001295,N/A,,,Not listed on competitor,Not listed on competitor,Not listed on competitor,Not listed on competitor,Not listed on competitor,,,,,,,,,,,,,,,
OH113,TePe Interdental Brushes Red 0.5mm (132430) - Pack25,ORAL HYGIENE,Pack (25),132430,PAT272,TEPE-132430,1086551,N/A,,,,,Not listed on competitor,Not listed on competitor,Not listed on competitor,"TePe Interdental Brush Red Size 2, 0.5mm - Pack 25","TePe Interdental Brush Red Size 2, 0.5mm - Pack 25",,,,MATCH,MATCH,,,,,,,,
OH322,Stoddard OPTIM Interdental Brush Yellow Fine - Pack8,ORAL HYGIENE,Pack (8),ID117/004,PAS769,,1133998 / 10,N/A,,,Not listed on competitor,Not listed on competitor,Not listed on competitor,Not listed on competitor,Not listed on competitor,,,,,,,,,,,,,,,
OH342,Stoddard OPTIM Interdental Brush Blue XFine - Pack25,ORAL HYGIENE,Pack (25),ID118/007,PAS733,,1201611,N/A,,,Not listed on competitor,Not listed on competitor,Not listed on competitor,Not listed on competitor,Not listed on competitor,,,,,,,,,,,,,,,
PAP089,Whisper LUXI White Facial Tissues 2 Ply - Case36,PAPER PRODUCTS,Case (36),NWHP003,,,,N/A,,,Not listed on competitor,Not listed on competitor,Not listed on competitor,Not listed on competitor,Not listed on competitor,,,,,,,,,,,,,,,
PPI178,Perfection Plus Perio Probe CPITN-C Octagonal Handle - Each,INSTRUMENTS & ACCESSORIES,Each,045/0104,,PERF-0450104,,N/A,,,,,Not listed on competitor,Not listed on competitor,Not listed on competitor,Perfection Plus Perio Probe CPITN-C Round Handle,Perfection Plus Perio Probe CPITN-C Round Handle,,,,UNKNOWN,UNKNOWN,,,,,,,,
BJD229,Coltene Diatech Gold Diamond Burs G837R-314-014-8-ML - Pack5,ENDODONTICS & ACCESSORIES,Pack (5),60032066,BJD229,COLT-60032066,1211413,N/A,,,Not listed on competitor,Not listed on competitor,Not listed on competitor,Not listed on competitor,Not listed on competitor,,,,,,,,,,,,,,,
CDB154,Coltene Diatech Gold Diamond Burs G862-314-014-8-F - Pack5,ENDODONTICS & ACCESSORIES,Pack (5),60032458,BJD429,COLT-60032458,1114065,N/A,,,Not listed on competitor,Not listed on competitor,Not listed on competitor,Not listed on competitor,Not listed on competitor,,,,,,,,,,,,,,,
CSP033,Durr MD555 Suction Cleaner 2.5Litre - Each,"CLEANING, STERILIZING PRODUCTS",Each,GMD105,GMD105,DURR-CCS555C6150,141089,N/A,,,Not listed on competitor,Not listed on competitor,Not listed on competitor,Not listed on competitor,Not listed on competitor,,,,,,,,,,,,,,,
FAC455,Perfection Plus E-FLOW Tips 0.9mm (010/1055) - Pack100, FILLING MATERIALS ANTERIOR,Pack (100),010/1055,,PERF-0101055,,N/A,,,Not listed on competitor,Not listed on competitor,Not listed on competitor,Not listed on competitor,Not listed on competitor,,,,,,,,,,,,,,,
MIS316,Small Sample Empty Clear Containers with PinkLids 5g/5ml,MISCELLANEOUS,Each,,,,,N/A,,,Not listed on competitor,Not listed on competitor,Not listed on competitor,Not listed on competitor,Not listed on competitor,,,,,,,,,,,,,,,
OH319,Stoddard OPTIM Interdental Brush Orange XXXFine - Pack8,ORAL HYGIENE,Pack (8),ID120/004,PAS766,,1133995 / 10,N/A,,,Not listed on competitor,Not listed on competitor,Not listed on competitor,Not listed on competitor,Not listed on competitor,,,,,,,,,,,,,,,
ALS038,Roeko Endo Frost Spray 200ml (240 000) - Each,"ANAESTHETICS, LOCAL & SURFACE",Each,240000,EXC002,ROEK-240000,094012,N/A,,,Not listed on competitor,Not listed on competitor,Not listed on competitor,Not listed on competitor,Not listed on competitor,,,,,,,,,,,,,,,
CSP149A,Schulke Mikrozid Alcohol Free Wipes Refill (70003112) -Pk200,"CLEANING, STERILIZING PRODUCTS",Pack (200),70003112,CAW371,SCHU-70003112,1128230,N/A,,,Not listed on competitor,Not listed on competitor,Not listed on competitor,Not listed on competitor,Not listed on competitor,,,,,,,,,,,,,,,
FAC013,Roeko Gelatamp 14x7x7mm (274007) - Tub50, FILLING MATERIALS ANTERIOR,Tub (50),274007,NJG000,ROEK-274007,1048764,N/A,,,Not listed on competitor,Not listed on competitor,Not listed on competitor,Not listed on competitor,Not listed on competitor,,,,,,,,,,,,,,,
OH155,TePe Select Compact Toothbrush Extra Soft (332110) - Each,ORAL HYGIENE,Each,332110,PAT066,,1180824,N/A,,,Not listed on competitor,Not listed on competitor,,Not listed on competitor,Not listed on competitor,,,TePe Select Compact Toothbrush - Extra Soft,,,,,UNKNOWN,,,,,,,
OH340,Stoddard OPTIM Interdental Brush Orange XXXFine -Pack25,ORAL HYGIENE,Pack (25),ID120/007,PAS731,,1201609,N/A,,,Not listed on competitor,Not listed on competitor,Not listed on competitor,Not listed on competitor,Not listed on competitor,,,,,,,,,,,,,,,
PDB541M,Perfection Plus Diamond+ Bur FG Medium Grit 541 (001/0541),ENDODONTICS & ACCESSORIES,Pack (5),001/0541,,PERF-0010541,,N/A,,,,,Not listed on competitor,Not listed on competitor,Not listed on competitor,Perfection Plus Diamond+ Cylinder - 25 Pack  541,Perfection Plus Diamond+ Cylinder - 25 Pack  541,,,,UNKNOWN,UNKNOWN,,,,,,,,
FAC413,UnoDent UnoBond 5 Bottle 3ml (FBD800) - Each, FILLING MATERIALS ANTERIOR,Each,FBD800,FBD800,,,N/A,,,Not listed on competitor,Not listed on competitor,Not listed on competitor,Not listed on competitor,Not listed on competitor,,,,,,,,,,,,,,,
MIS380,Perfection Plus Prophy+ Brushes Nylon RA (005/3005) -Pack150,MISCELLANEOUS,Pack (150),005/3005,,PERF-0053005,,N/A,,,,,Not listed on competitor,Not listed on competitor,Not listed on competitor,Perfection Plus Prophy+ Nylon Brushes RA Purple Medium Pack of 50,Perfection Plus Prophy+ Nylon Brushes RA Purple Medium Pack of 50,,,,UNKNOWN,UNKNOWN,,,,,,,,
OH038,TePe Interdental Brushes Pink 0.4mm 10x8pk (138210) - Box10,ORAL HYGIENE,Box (10),138210 x 10,PAT362,,621607,N/A,,,Not listed on competitor,Not listed on competitor,Not listed on competitor,Not listed on competitor,Not listed on competitor,,,,,,,,,,,,,,,
AA002,Kulzer Sopira Carpule Needles 30g Short 0.3x21mm - Box100,ANAESTHETIC ACCESSORIES,Box (100),66053477,ANB030,HERA-66053477,1108343,N/A,,,Not listed on competitor,Not listed on competitor,Not listed on competitor,Not listed on competitor,Not listed on competitor,,,,,,,,,,,,,,,
CPP070,Johnson & Johnson Topper 8 Swabs 5x5cm (JJM50405) - Pack100,"COTTON, PAPER PRODUCTS",Pack (100),504526,,TOP-M50405,504526,N/A,,,Not listed on competitor,Not listed on competitor,Not listed on competitor,Not listed on competitor,Not listed on competitor,,,,,,,,,,,,,,,
KIN006,Kin Gingival Toothpaste 75ml (340987) - Each,ORAL HYGIENE,Each,340987,,,,N/A,,,Not listed on competitor,Not listed on competitor,Not listed on competitor,Not listed on competitor,Not listed on competitor,,,,,,,,,,,,,,,
MED060,#Dentsply Xylocaine 2% Standard 2.2ml - Box50,MEDICINES,Box (50),502,AAA335,DENT-702,1181146,N/A,,,Not listed on competitor,Not listed on competitor,Not listed on competitor,Not listed on competitor,Not listed on competitor,,,,,,,,,,,,,,,
PHI003,Philips Zoom! Chairside Kit - DayWhite 6% HP Take-Home Gel,PHI - Philips Soniccare & Zoom!,Each,ZME2692,,,,N/A,,,Not listed on competitor,Not listed on competitor,Not listed on competitor,Not listed on competitor,Not listed on competitor,,,,,,,,,,,,,,,
SE004,Roeko Surgitip 2.8mm (462025) - Box20,SALIVA EJECTORS,Box (20),462025,CJT104,ROEK-462025,507519,N/A,,,,,Not listed on competitor,Not listed on competitor,Not listed on competitor,Roeko Surgitip Sterile 2.8mm 20pk (Plus 1 Double Adaptor),Roeko Surgitip Sterile 2.8mm 20pk (Plus 1 Double Adaptor),,,,MATCH,MATCH,,,,,,,,
AA032,Septodont Septoject Needles 27g Long - Box100,ANAESTHETIC ACCESSORIES,Box (100),SEPTO01,ANS105,SEPT-12427Q,1001141,N/A,,,,,Not listed on competitor,Not listed on competitor,Not listed on competitor,Septoject Original Needles 27g LONG 0.40 x 35mm. Pack of 100,Septoject Original Needles 27g LONG 0.40 x 35mm. Pack of 100,,,,MISMATCH (ours:100 theirs:40),MISMATCH (ours:100 theirs:40),,,,N/A,N/A,,,
EGU368,UnoDent SS H File (Hedstrom) 28mm Size 20 - Pack6,ENDODONTICS & ACCESSORIES,Pack (6),EGU368,EGU368,,,N/A,,,Not listed on competitor,Not listed on competitor,Not listed on competitor,Not listed on competitor,Not listed on competitor,,,,,,,,,,,,,,,
EHO014,Kavo Universal Oil Spray 500ml (0.411.9640) - Each,EQS - Equipment Sundries,Each,0.411.9640,GOK030,KAVO-0-411-9640,216541,N/A,,,Not listed on competitor,Not listed on competitor,Not listed on competitor,Not listed on competitor,Not listed on competitor,,,,,,,,,,,,,,,
FKF017,Falcon K Files SS 25mm 40 Black - Pack6,ENDODONTICS & ACCESSORIES,Pack (6),EKC340,EKC340,,,N/A,,,Not listed on competitor,Not listed on competitor,Not listed on competitor,Not listed on competitor,Not listed on competitor,,,,,,,,,,,,,,,
FLG553,GC G-aenial Universal Injectable Syringe A2 1.7g (10003706), FILLING MATERIALS ANTERIOR,Each,10003706,FLG553,GC-10003706,1189487,N/A,,,,,Not listed on competitor,Not listed on competitor,Not listed on competitor,GC G-Aenial Universal Injectable 1.7G(1ml) Syringe A3.5,GC G-Aenial Universal Injectable 1.7G(1ml) Syringe A3.5,,,,UNKNOWN,UNKNOWN,,,,,,,,
IMA102,UnoDent Stic Adhesive Spray 200ml (IJA120) - Each,IMPRESSION MATERIALS,Each,IJA120,IJA120,,,N/A,,,Not listed on competitor,Not listed on competitor,Not listed on competitor,Not listed on competitor,Not listed on competitor,,,,,,,,,,,,,,,
MIS017,Perfection Plus Junior Nylon Brushes RA (005/5435),MISCELLANEOUS,Pack (50),005/5435,,PERF-0055435,,N/A,,,Not listed on competitor,Not listed on competitor,Not listed on competitor,Not listed on competitor,Not listed on competitor,,,,,,,,,,,,,,,
OH041,TePe Interdental Brushes Blue 0.6mm 10x8pk (138240) - Box10,ORAL HYGIENE,Box (10),138240 x 10,PAT368,,621610,N/A,,,Not listed on competitor,Not listed on competitor,Not listed on competitor,Not listed on competitor,Not listed on competitor,,,,,,,,,,,,,,,
OH115,TePe Interdental Brushes Yellow 0.7mm (112450) - Pack25,ORAL HYGIENE,Pack (25),112450,PAT274,TEPE-112450,1086553,N/A,,,,,Not listed on competitor,Not listed on competitor,Not listed on competitor,"TePe Interdental Brush Yellow Size 4, 0.7mm - Pack 25","TePe Interdental Brush Yellow Size 4, 0.7mm - Pack 25",,,,MATCH,MATCH,,,,,,,,
PAP003A,Kimberly-Clark Scott Performance Hand Towels 6689 (4110),PAPER PRODUCTS,Case (4110),4110,,,,N/A,,,Not listed on competitor,Not listed on competitor,Not listed on competitor,Not listed on competitor,Not listed on competitor,,,,,,,,,,,,,,,
PDM313,Panadent Minamint Refresh 100ml (80.PR032MR) Each,ORAL HYGIENE,Each,80.PR032MR,PDM313,,1211154,N/A,,,Not listed on competitor,Not listed on competitor,Not listed on competitor,Not listed on competitor,Not listed on competitor,,,,,,,,,,,,,,,
AMI013,AM Dental Mirror Handle - Each,INSTRUMENTS & ACCESSORIES,Each,AMMH,,,,N/A,,,Not listed on competitor,Not listed on competitor,Not listed on competitor,Not listed on competitor,Not listed on competitor,,,,,,,,,,,,,,,
BU542,UnoDent Diamond Burs Cylinder FG No. 542 542 Medium 109-015M,ENDODONTICS & ACCESSORIES,Pack (5),BU542,BU542,,,N/A,,,Not listed on competitor,Not listed on competitor,Not listed on competitor,Not listed on competitor,Not listed on competitor,,,,,,,,,,,,,,,
CAW756,Clinell Universal Wipes Tub Refill Pack (for Tub 225),"CLEANING, STERILIZING PRODUCTS",Tub (225),CWBUC225R,CAW756,GAMA-CWBUC225R,,N/A,,,Not listed on competitor,Not listed on competitor,Not listed on competitor,Not listed on competitor,Not listed on competitor,,,,,,,,,,,,,,,
FPM388,UnoDent Tofflemire Matrix Bands X-Thin No.1 (MPT120)," FINISHING, POLISHING MATERIALS",Pack (12),MPT120,MPT120,,,N/A,,,Not listed on competitor,Not listed on competitor,Not listed on competitor,Not listed on competitor,Not listed on competitor,,,,,,,,,,,,,,,
GMA030,QWS Alpron Mint 1 Litre (3184) - Each,"CLEANING, STERILIZING PRODUCTS",Each,3184,GMA030,,1081634,N/A,,,Not listed on competitor,Not listed on competitor,Not listed on competitor,Not listed on competitor,Not listed on competitor,,,,,,,,,,,,,,,
IM039,Zhermack Hydrogum Refill 500g (C302025) - Each,IMPRESSION MATERIALS,Each,C302025,IAZ055,ZHER-C302025,1096925,N/A,,,,,Not listed on competitor,Not listed on competitor,Not listed on competitor,Zhermack Hydrogum 5 Day Alginate Refill 453G,Zhermack Hydrogum 5 Day Alginate Refill 453G,,,,UNKNOWN,UNKNOWN,,,,,,,,
OH006,Oral-B Satin Floss Mint 25m (75040813) - Pack12,ORAL HYGIENE,Pack (12),13241897,PCO053,ORAL-13241897,635516,N/A,,,Not listed on competitor,Not listed on competitor,Not listed on competitor,Not listed on competitor,Not listed on competitor,,,,,,,,,,,,,,,
PAD149,Curaprox CPS Prime Chairside Handy Lime Green - Pack25,ORAL HYGIENE,Pack (25),CH 25 HANDY 011,PAD149,CURA-CHAIRCPS011,,N/A,,,Not listed on competitor,Not listed on competitor,Not listed on competitor,Not listed on competitor,Not listed on competitor,,,,,,,,,,,,,,,
PAD350,i-Wave Interdental Brush 0.8mm Green (W-IDL) -Pack5,ORAL HYGIENE,Pack (5),IW-GREEN,PAD350,,,N/A,,,Not listed on competitor,Not listed on competitor,Not listed on competitor,Not listed on competitor,Not listed on competitor,,,,,,,,,,,,,,,
SYT105,BD Insulin Syringe Microfine 0.5ml 30Gx8mm - Box200,ANAESTHETIC ACCESSORIES,Box (200),324893,SYT105,,,N/A,,,Not listed on competitor,Not listed on competitor,Not listed on competitor,Not listed on competitor,Not listed on competitor,,,,,,,,,,,,,,,
ABG205,Perfection Plus Serviette Bibs Lilac (PP002/0075) - Pack 500,"APRONS, BIBS & GLOVES",Pack (500),PP002/0075,,PERF-0020075,,N/A,,,,,Not listed on competitor,Not listed on competitor,Not listed on competitor,Perfection Plus Serviette Bibs 3 Ply Blue x 500,Perfection Plus Serviette Bibs 3 Ply Blue x 500,,,,UNKNOWN,UNKNOWN,,,,,,,,
ANP027,Perfection Plus EasiJect Sterile Needles 27Gx35mm (013/0203),ANAESTHETIC ACCESSORIES,Box (100),013/0203,ANP027,PERF-0130203,,N/A,,,Not listed on competitor,Not listed on competitor,Not listed on competitor,Not listed on competitor,Not listed on competitor,,,,,,,,,,,,,,,
BJM281,UnoDent Gold Diamond Burs Flat End Taper FG Medium 173/016,ENDODONTICS & ACCESSORIES,Each,BJM281,BJM281,,,N/A,,,Not listed on competitor,Not listed on competitor,Not listed on competitor,Not listed on competitor,Not listed on competitor,,,,,,,,,,,,,,,
CSP305,Bossklein White Dry Wipes (DRY0002) - Pack50,"CLEANING, STERILIZING PRODUCTS",Pack (50),DRY0002,CAW351,,,N/A,,,Not listed on competitor,Not listed on competitor,Not listed on competitor,Not listed on competitor,Not listed on competitor,,,,,,,,,,,,,,,
OH344,Stoddard OPTIM Interdental Brush Green Medium - Pack25,ORAL HYGIENE,Pack (25),ID116/007,PAS735,,1201613,N/A,,,Not listed on competitor,Not listed on competitor,Not listed on competitor,Not listed on competitor,Not listed on competitor,,,,,,,,,,,,,,,
PAD155,Curaprox CPS Prime Lime Green - Pack8,ORAL HYGIENE,Pack (8),CPS8-011,PAD155,,,N/A,,,,,Not listed on competitor,Not listed on competitor,Not listed on competitor,Curaprox Prime Refill Lime Green  Pack 8,Curaprox Prime Refill Lime Green  Pack 8,,,,MATCH,MATCH,,,,,,,,
AA009,Septodont Septoject XL Needles 27g Long 0.4x35mm - Box100,ANAESTHETIC ACCESSORIES,Box (100),XLJECT02,ANS200,SEPT-12508T,103813,N/A,,,Not listed on competitor,Not listed on competitor,Not listed on competitor,Not listed on competitor,Not listed on competitor,,,,,,,,,,,,,,,
ALS040,Perfection Plus EndoPLUS Cold Spray Mint 200ml (004/0210),"ANAESTHETICS, LOCAL & SURFACE",Each,004/0210,,PERF-0040210,,N/A,,,Not listed on competitor,Not listed on competitor,Not listed on competitor,Not listed on competitor,Not listed on competitor,,,,,,,,,,,,,,,
CVH160,Pro-Tip Sleeve Air/Water syringe sleeve (116490) - Pack 250,MISCELLANEOUS,Pack (250),116490,CVH160,,,N/A,,,Not listed on competitor,Not listed on competitor,Not listed on competitor,Not listed on competitor,Not listed on competitor,,,,,,,,,,,,,,,
EIM060,UnoDent Dispo Tray Tray Liners (CUD010) - Pack50,INSTRUMENTS & ACCESSORIES,Pack (50),CUD010,CUD010,,,N/A,,,Not listed on competitor,Not listed on competitor,Not listed on competitor,Not listed on competitor,Not listed on competitor,,,,,,,,,,,,,,,
FAC191A,Septodont Alveogyl Haemostatic Surgical Dressing Paste 10g, FILLING MATERIALS ANTERIOR,Each,ALVEO02,NSA012,,1120393,N/A,,,Not listed on competitor,Not listed on competitor,Not listed on competitor,Not listed on competitor,Not listed on competitor,,,,,,,,,,,,,,,
FHF014,Falcon SS H Files 25mm 30 Blue - Pack6,ENDODONTICS & ACCESSORIES,Pack (6),EHC330,EHC330,,,N/A,,,Not listed on competitor,Not listed on competitor,Not listed on competitor,Not listed on competitor,Not listed on competitor,,,,,,,,,,,,,,,
IIU154,Perfection Plus Plastic Handled Impression Tray Lower Medium,IMPRESSION MATERIALS,Pack (25),011/3033,IIU154,PERF-0113033,,N/A,,,Not listed on competitor,Not listed on competitor,Not listed on competitor,Not listed on competitor,Not listed on competitor,,,,,,,,,,,,,,,
PAT065,TePe Select Toothbrushes Kids Soft (332120) - Each,ORAL HYGIENE,Each,332120,,,,N/A,,,Not listed on competitor,Not listed on competitor,Not listed on competitor,Not listed on competitor,Not listed on competitor,,,,,,,,,,,,,,,
ABG291,Perfection Plus Serviette Bibs Green (PP002/0061) - Pack500,"APRONS, BIBS & GLOVES",Pack (500),PP002/0061,,PERF-0020061,,N/A,,,,,Not listed on competitor,Not listed on competitor,Not listed on competitor,Perfection Plus Serviette Bibs 3 Ply Green  x 500,Perfection Plus Serviette Bibs 3 Ply Green  x 500,,,,UNKNOWN,UNKNOWN,,,,,,,,
CSP325,Bossklein SDactiv ZERO Surface Disinfectant (BOS2004) 5L,"CLEANING, STERILIZING PRODUCTS",Each,BOS2004,,,,N/A,,,Not listed on competitor,Not listed on competitor,Not listed on competitor,Not listed on competitor,Not listed on competitor,,,,,,,,,,,,,,,
FMA355,SDI Wave Flowable Composite Syringe A2 1g (7510203) - Each, FILLING MATERIALS ANTERIOR,Each,7510203,FLS201,SDI-7510203,204131,N/A,,,Not listed on competitor,Not listed on competitor,Not listed on competitor,Not listed on competitor,Not listed on competitor,,,,,,,,,,,,,,,
FMA549A,Kulzer Venus Pearl ART PLT A2 20x0.2g (66048141) - Box20, FILLING MATERIALS ANTERIOR,Box (20),66048141,FLB939,HERA-66048141,1123350,N/A,,,Not listed on competitor,Not listed on competitor,Not listed on competitor,Not listed on competitor,Not listed on competitor,,,,,,,,,,,,,,,
FMP214,3M Filtek One Bulk Fill Capsules A3 (4867A3) - Pack20, FILLING MATERIALS ANTERIOR,Pack (20),4867A3,FLM652,3M-4867A3,1181857,N/A,,,Not listed on competitor,Not listed on competitor,Not listed on competitor,Not listed on competitor,Not listed on competitor,,,,,,,,,,,,,,,
OH114,TePe Interdental Brushes Blue 0.6mm (132440) - Pack25,ORAL HYGIENE,Pack (25),132440,PAT273,TEPE-132440,1086552,N/A,,,,,Not listed on competitor,Not listed on competitor,Not listed on competitor,"TePe Interdental Brush Blue Size 3, 0.6mm - Pack 25","TePe Interdental Brush Blue Size 3, 0.6mm - Pack 25",,,,MATCH,MATCH,,,,,,,,
PAD146,Curaprox CPS Prime Chairside Handy Red - Pack25,ORAL HYGIENE,Pack (25),CH 25 HANDY 07,PAD146,,,N/A,,,Not listed on competitor,Not listed on competitor,Not listed on competitor,Not listed on competitor,Not listed on competitor,,,,,,,,,,,,,,,
PAP094,Kruger 10inch 2Ply White Couch Roll 18 x 40m,PAPER PRODUCTS,Case (18),H2W240,,,,N/A,,,Not listed on competitor,Not listed on competitor,Not listed on competitor,Not listed on competitor,Not listed on competitor,,,,,,,,,,,,,,,
PP037,Perfection Plus Protect+ Visor Refill (PP011/0051) - Pack12,PREVENTITIVE PRODUCTS,Pack (12),011/0051,,PERF-0110051,,N/A,,,Not listed on competitor,Not listed on competitor,Not listed on competitor,Not listed on competitor,Not listed on competitor,,,,,,,,,,,,,,,
AA147,Perfection Plus EasiJect Sterile Needles 30Gx12mm Imperial,ANAESTHETIC ACCESSORIES,Box (100),013/0206,,PERF-0130206,,N/A,,,Not listed on competitor,Not listed on competitor,Not listed on competitor,Not listed on competitor,Not listed on competitor,,,,,,,,,,,,,,,
ABG146,HPC Healthline Gloves Powder Free E/Large GN31 - Box100,"APRONS, BIBS & GLOVES",Box (100),GN31D / 10,,,,N/A,,,Not listed on competitor,Not listed on competitor,Not listed on competitor,Not listed on competitor,Not listed on competitor,,,,,,,,,,,,,,,
BLRG28,Perfection Plus Steel Bur Round RA No.8 (001/9108) Pack25,ENDODONTICS & ACCESSORIES,Pack (25),001/9108,BLRG28,PERF-0019108,,N/A,,,Not listed on competitor,Not listed on competitor,Not listed on competitor,Not listed on competitor,Not listed on competitor,,,,,,,,,,,,,,,
CPP074,UnoDent Throat Pack Roll 10m (CCT615) - Each,"COTTON, PAPER PRODUCTS",Each,CCT615,CCT615,,,N/A,,,Not listed on competitor,Not listed on competitor,Not listed on competitor,Not listed on competitor,Not listed on competitor,,,,,,,,,,,,,,,
CSP340,Bossklein IDactiv Instrument Disinfectant 2.5L (BOS9843),"CLEANING, STERILIZING PRODUCTS",Each,BOS9843,,,,N/A,,,Not listed on competitor,Not listed on competitor,Not listed on competitor,Not listed on competitor,Not listed on competitor,,,,,,,,,,,,,,,
EGU370,UnoDent SS H File (Hedstrom) 28mm Size 30 - Pack6,ENDODONTICS & ACCESSORIES,Pack (6),EGU370,EGU370,,,N/A,,,Not listed on competitor,Not listed on competitor,Not listed on competitor,Not listed on competitor,Not listed on competitor,,,,,,,,,,,,,,,
FAC321,Bossklein Pre-Bent Applicator Tips (BOS9905) - Pack50, FILLING MATERIALS ANTERIOR,Pack (50),BOS9905,FBG312,,,N/A,,,Not listed on competitor,Not listed on competitor,Not listed on competitor,Not listed on competitor,Not listed on competitor,,,,,,,,,,,,,,,
FHF010,Falcon SS H Files 25mm 10 Purple - Pack6,ENDODONTICS & ACCESSORIES,Pack (6),EHC310,EHC310,,,N/A,,,Not listed on competitor,Not listed on competitor,Not listed on competitor,Not listed on competitor,Not listed on competitor,,,,,,,,,,,,,,,
FMA833,3M Filtek Supreme XTE Body Capsules A2 (4911A2B) - Pack20, FILLING MATERIALS ANTERIOR,Pack (20),4911A2B,FLM526,3M-4911A2B,1111068,N/A,,,Not listed on competitor,Not listed on competitor,Not listed on competitor,Not listed on competitor,Not listed on competitor,,,,,,,,,,,,,,,
IMA030,"Covidien Monoject 3ml Endo Syringes & Needles 27Gx1.25"" -100",IMPRESSION MATERIALS,Box (100),1180327114E,EXY012,COVI-1180327114E,1133795,N/A,,,Not listed on competitor,Not listed on competitor,Not listed on competitor,Not listed on competitor,Not listed on competitor,,,,,,,,,,,,,,,
OH213,TePe Interdental Brushes Extra Soft Red 0.5mm (122435) - 25,ORAL HYGIENE,Pack (25),122435,,,,N/A,,,Not listed on competitor,Not listed on competitor,Not listed on competitor,Not listed on competitor,Not listed on competitor,,,,,,,,,,,,,,,
OH339,Stoddard OPTIM Interdental Brush Pink XXXXFine - Pack25,ORAL HYGIENE,Pack (25),ID121/007,PAS730,,,N/A,,,Not listed on competitor,Not listed on competitor,Not listed on competitor,Not listed on competitor,Not listed on competitor,,,,,,,,,,,,,,,
PPI090,Perfection Plus Mirror Handle Round (015/0151) - Each,INSTRUMENTS & ACCESSORIES,Each,015/0151,,PERF-0150151,1156790,N/A,,,,,Not listed on competitor,Not listed on competitor,Not listed on competitor,Perfection Plus Mirror Handle Octagonal,Perfection Plus Mirror Handle Octagonal,,,,UNKNOWN,UNKNOWN,,,,,,,,
AA089,"BD Microlance 3 Hypodermic Needles 30Gx0.5"" (304000) -Box100",ANAESTHETIC ACCESSORIES,Box (100),304000,SNB030,BD-304000,,N/A,,,Not listed on competitor,Not listed on competitor,Not listed on competitor,Not listed on competitor,Not listed on competitor,,,,,,,,,,,,,,,
CSP229,UnoDent Purified Water 2 x 5L (EVS205) - Box2,"CLEANING, STERILIZING PRODUCTS",Box (2),EVS205,EVS205,,,N/A,,,Not listed on competitor,Not listed on competitor,Not listed on competitor,Not listed on competitor,Not listed on competitor,,,,,,,,,,,,,,,
EA045,Perfection Plus EndoPLUS Alternate Files 25mm ISO 25 Red,ENDODONTICS & ACCESSORIES,Pack (4),004/6031,,PERF-0046031,,N/A,,,,,Not listed on competitor,Not listed on competitor,Not listed on competitor,Perfection Plus Endoplus Alternate Files 25mm ISO 20 (.07) &ndash; Yellow (Pack of 4),Perfection Plus Endoplus Alternate Files 25mm ISO 20 (.07) &ndash; Yellow (Pack of 4),,,,UNKNOWN,UNKNOWN,,,,,,,,
FMT133,UnoDent UnoCal Non-Setting CaOH Paste (EVU005) - Each, FILLING MATERIALS ANTERIOR,Each,EVU005,EVU005,,,N/A,,,Not listed on competitor,Not listed on competitor,Not listed on competitor,Not listed on competitor,Not listed on competitor,,,,,,,,,,,,,,,
FPM016,3M Sof-Lex Mandrels (1983RA) - Pack3," FINISHING, POLISHING MATERIALS",Pack (3),1983 RA,KTM010,3M-1983RA,21983RA,N/A,,,Not listed on competitor,Not listed on competitor,Not listed on competitor,Not listed on competitor,Not listed on competitor,,,,,,,,,,,,,,,
FQT115,Dentanurse First Aid Kits for Teeth Standard Kit (1.101), FILLING MATERIALS ANTERIOR,Each,1.101,FQT115,,,N/A,,,Not listed on competitor,Not listed on competitor,Not listed on competitor,Not listed on competitor,Not listed on competitor,,,,,,,,,,,,,,,
IIK114,Falcon Kiara Impression Trays Lower Medium 14 Blue - Pack 25,IMPRESSION MATERIALS,Pack (25),DI.027.014,IIK114,,,N/A,,,Not listed on competitor,Not listed on competitor,Not listed on competitor,Not listed on competitor,Not listed on competitor,,,,,,,,,,,,,,,
PAD352,i-Wave Interdental Brush 0.6mm Blue (W-IDS) - Pack5,ORAL HYGIENE,Pack (5),IW-BLUE,PAD352,IWAVE-IW-BLUE,,N/A,,,Not listed on competitor,Not listed on competitor,Not listed on competitor,Not listed on competitor,Not listed on competitor,,,,,,,,,,,,,,,
ABG293,Perfection Plus Serviette Bibs Pink (PP002/0074) - Pack500,"APRONS, BIBS & GLOVES",Pack (500),PP002/0074,,PERF-0020074,,N/A,,,Not listed on competitor,Not listed on competitor,Not listed on competitor,Not listed on competitor,Not listed on competitor,,,,,,,,,,,,,,,
CAW759,Clinell Universal Disinfectant Spray (CDS500) - 500ml,"CLEANING, STERILIZING PRODUCTS",Each,CDS500,CAW759,,1176111,N/A,,,Not listed on competitor,Not listed on competitor,Not listed on competitor,Not listed on competitor,Not listed on competitor,,,,,,,,,,,,,,,
CCA205,Cottontails Round Cotton Wool Cosmetic Remover Pads -Pack200,"COTTON, PAPER PRODUCTS",Pack (200),1124,CCA205,,,N/A,,,Not listed on competitor,Not listed on competitor,Not listed on competitor,Not listed on competitor,Not listed on competitor,,,,,,,,,,,,,,,
FAC048,3M Filtek Flowable Restorative Dispensing Tips (3700T)Pack20, FILLING MATERIALS ANTERIOR,Pack (20),3700 T,FLX005,3M-3700T,,N/A,,,Not listed on competitor,Not listed on competitor,Not listed on competitor,Not listed on competitor,Not listed on competitor,,,,,,,,,,,,,,,
IMA092,Perfection Plus Mixing Tips Blue&Orange 4:1/10:1 (010/1230),IMPRESSION MATERIALS,Pack (50),010/1230,,PERF-0101230,9001248,N/A,,,Not listed on competitor,Not listed on competitor,Not listed on competitor,Not listed on competitor,Not listed on competitor,,,,,,,,,,,,,,,
FPM361,Perfection Plus Prophy Paste Mint Medium 250g (PP010/0001)," FINISHING, POLISHING MATERIALS",Each,PP010/0001,,PERF-0100001,,N/A,,,Not listed on competitor,Not listed on competitor,Not listed on competitor,Not listed on competitor,Not listed on competitor,,,,,,,,,,,,,,,
GGR004,Perfection Plus Gates Glidden No.3 (PP004/4003) - Pack6,ENDODONTICS & ACCESSORIES,Pack (6),004/4003,,PERF-0044003,,N/A,,,Not listed on competitor,Not listed on competitor,Not listed on competitor,Not listed on competitor,Not listed on competitor,,,,,,,,,,,,,,,
GHG070,Medex Antibac Liquid Handwash 650ml - Each,"CLEANING, STERILIZING PRODUCTS",Each,40026A,GHG070,,,N/A,,,Not listed on competitor,Not listed on competitor,Not listed on competitor,Not listed on competitor,Not listed on competitor,,,,,,,,,,,,,,,
JLB128,"McFarlane Plastic Minigrip Bags 5"" x 7.5"" (PA129) - Pack100",LABORATORY,Pack (100),PA129,JLB128,,,N/A,,,Not listed on competitor,Not listed on competitor,Not listed on competitor,Not listed on competitor,Not listed on competitor,,,,,,,,,,,,,,,
MED011,"#Septodont Septanest 1:200,000 2.2ml - Box50",MEDICINES,Box (50),SEPTA02,AAD445,,09209,N/A,,,Not listed on competitor,Not listed on competitor,Not listed on competitor,Not listed on competitor,Not listed on competitor,,,,,,,,,,,,,,,
OH066,GSK Sensodyne Search 3.5 Toothbrushes - Pack12,ORAL HYGIENE,Pack (12),60000000013166,PAS002,,621536,N/A,,,Not listed on competitor,Not listed on competitor,Not listed on competitor,Not listed on competitor,Not listed on competitor,,,,,,,,,,,,,,,
PAD147,Curaprox CPS Prime Chairside Handy Pink - Pack25,ORAL HYGIENE,Pack (25),CH 25 HANDY 08,PAD147,CURA-CHAIRCPS08,,N/A,,,Not listed on competitor,Not listed on competitor,Not listed on competitor,Not listed on competitor,Not listed on competitor,,,,,,,,,,,,,,,
